response,source,df,ss,ms,F,p
tannic_acid,Model (quadratic),9,530.6946983333335,58.966077592592605,5.684981481133328,0.03505852408494988
tannic_acid,Residual,5,51.861275000000035,10.372255000000006,,
tannic_acid,  Lack of fit,3,32.957074999999996,10.985691666666666,1.1622487771676817,0.49340814133825434
tannic_acid,  Pure error (centre reps),2,18.90420000000004,9.45210000000002,,
tannic_acid,Total,14,582.5559733333336,,,
p_coumaric_acid,Model (quadratic),9,814.553181666667,90.50590907407411,3.2064687224346344,0.10624572923155597
p_coumaric_acid,Residual,5,141.1301916666663,28.226038333333257,,
p_coumaric_acid,  Lack of fit,3,109.02732499999962,36.34244166666654,2.2641243876455395,0.3209947407950719
p_coumaric_acid,  Pure error (centre reps),2,32.10286666666667,16.051433333333335,,
p_coumaric_acid,Total,14,955.6833733333333,,,
acetosyringone,Model (quadratic),9,323.9234983333333,35.991499814814816,8.598527110228035,0.014483667710421883
acetosyringone,Residual,5,20.928875000000033,4.185775000000007,,
acetosyringone,  Lack of fit,3,14.558475000000033,4.852825000000011,1.5235542509104645,0.41983035638452443
acetosyringone,  Pure error (centre reps),2,6.370399999999999,3.1851999999999996,,
acetosyringone,Total,14,344.85237333333333,,,
