response,term,published,reproduced,se,t,p,abs_diff
tannic_acid,const,71.3,71.30055555205189,21.947215447312793,3.2487290118064567,0.022727913321651052,0.000555552051892505
tannic_acid,pH,7.84,7.841458334100966,5.477253599829049,1.4316405459746664,0.21166616899491908,0.0014583341009659634
tannic_acid,conc,-4.47,-4.4739999998349465,1.7525238807946921,-2.5528896061639887,0.0510862073486189,0.003999999834946699
tannic_acid,cnf,-99.9,-99.85277777401227,54.25010600007054,-1.840600602216011,0.12505097688981426,0.0472222259877384
tannic_acid,pH2,-0.932,-0.9318750000471208,0.41901315580930093,-2.2239755175401483,0.07674377275804954,0.00012499995287929
tannic_acid,conc2,0.1406,0.14059999999638492,0.06704210492904719,2.0971895220949044,0.09007395255787713,3.615080457208819e-12
tannic_acid,cnf2,33.2,33.22222221974735,74.49122769904817,0.445988383410304,0.6742556388919548,0.022222219747348504
tannic_acid,pH:conc,0.032,0.03224999998820657,0.161029927342659,0.20027333130183378,0.8491579055763805,0.00024999998820656594
tannic_acid,pH:cnf,0.32,0.31666666638707586,5.36766424475568,0.05899524484909163,0.9552411725110915,0.0033333336129241498
tannic_acid,conc:cnf,6.67,6.669999999924614,2.1470656979003833,3.106565395948159,0.026654221885106136,7.538591972888753e-11
p_coumaric_acid,const,-75.1,-75.13189814789347,36.20493714386371,-2.075183775332901,0.09262716791137061,0.03189814789347167
p_coumaric_acid,pH,14.09,14.087083333268847,9.03547982106733,1.559085251944571,0.17971854596079284,0.0029166667311528727
p_coumaric_acid,conc,5.68,5.681583333323223,2.8910281169660057,1.9652466539432243,0.10657007713876974,0.001583333323223357
p_coumaric_acid,cnf,122.3,122.29351851837382,89.49297839152456,1.3665152363501585,0.23002148892508792,0.006481481626181562
p_coumaric_acid,pH2,-0.466,-0.46614583332902726,0.6912195765766342,-0.6743817002951255,0.5299852893276165,0.000145833329027234
p_coumaric_acid,conc2,-0.094,-0.09408333333311544,0.11059513225153403,-0.8507004912217594,0.4337741113131238,8.333333311544289e-05
p_coumaric_acid,cnf2,-192.0,-191.870370370342,122.88348027965851,-1.5614008484597193,0.17918372748433037,0.1296296296580124
p_coumaric_acid,pH:conc,-0.759,-0.7584999999992335,0.26564091520939354,-2.855358329876781,0.0355994739804063,0.0005000000007665539
p_coumaric_acid,pH:cnf,2.77,2.7666666666824025,8.854697173647079,0.3124518673452122,0.7673080352852913,0.0033333333175975532
p_coumaric_acid,conc:cnf,-1.82,-1.8166666666633717,3.541878869455716,-0.5129104448855815,0.6298631208892433,0.00333333333662833
acetosyringone,const,-8.6,-8.571249999920557,13.942182852063853,-0.6147710219316024,0.565602496008673,0.028750000079442728
acetosyringone,pH,0.18,0.1824999999826602,3.4794788158555052,0.05245038399171533,0.9602008621226762,0.002499999982660206
acetosyringone,conc,-0.8,-0.8032500000034197,1.113307902649666,-0.7214985163508583,0.5029205654502596,0.003250000003419684
acetosyringone,cnf,178.6,178.60833333323527,34.46290940245173,5.182624927207361,0.003517602498385879,0.008333333235270857
acetosyringone,pH2,-0.056,-0.055937499998927775,0.2661821974517903,-0.210147412315427,0.8418476710596635,6.25000010722257e-05
acetosyringone,conc2,0.0178,0.017750000000079237,0.04258915159200632,0.4167728009733537,0.6941328625429221,4.999999992076273e-05
acetosyringone,cnf2,-403.8,-403.83333333327187,47.321279546741565,-8.533863352836555,0.00036367583935019616,0.03333333327185528
acetosyringone,pH:conc,0.024,0.02350000000019952,0.10229583324844058,0.2297258769389589,0.827406885995881,0.0004999999998004795
acetosyringone,pH:cnf,2.3,2.300000000007931,3.409861108281594,0.6745142769662604,0.5299077743990163,7.930989198712268e-12
acetosyringone,conc:cnf,0.59,0.5900000000017911,1.3639444433114378,0.43256893848943434,0.6833497320704784,1.791122805627765e-12
