response,term,vif
tannic_acid,pH,92.55555555555534
tannic_acid,conc,59.22222222222211
tannic_acid,cnf,51.07407407407408
tannic_acid,pH2,79.01111111111076
tannic_acid,conc2,35.67777777777779
tannic_acid,cnf2,25.085185185185182
tannic_acid,pH:conc,27.000000000000043
tannic_acid,pH:cnf,24.555555555555575
tannic_acid,conc:cnf,14.555555555555555
p_coumaric_acid,pH,92.55555555555534
p_coumaric_acid,conc,59.22222222222211
p_coumaric_acid,cnf,51.07407407407408
p_coumaric_acid,pH2,79.01111111111076
p_coumaric_acid,conc2,35.67777777777779
p_coumaric_acid,cnf2,25.085185185185182
p_coumaric_acid,pH:conc,27.000000000000043
p_coumaric_acid,pH:cnf,24.555555555555575
p_coumaric_acid,conc:cnf,14.555555555555555
acetosyringone,pH,92.55555555555534
acetosyringone,conc,59.22222222222211
acetosyringone,cnf,51.07407407407408
acetosyringone,pH2,79.01111111111076
acetosyringone,conc2,35.67777777777779
acetosyringone,cnf2,25.085185185185182
acetosyringone,pH:conc,27.000000000000043
acetosyringone,pH:cnf,24.555555555555575
acetosyringone,conc:cnf,14.555555555555555
