response,term,coef,distill_rmse_pct
tannic_acid,const,0.03922541835372164,0.5767261529413619
tannic_acid,pH,-0.2241955676364491,0.5767261529413619
tannic_acid,conc,0.024358726069665944,0.5767261529413619
tannic_acid,cnf,-0.0853117090434688,0.5767261529413619
tannic_acid,pH2,-0.12517155442250022,0.5767261529413619
tannic_acid,conc2,0.09138271728208777,0.5767261529413619
tannic_acid,cnf2,0.007100883077146206,0.5767261529413619
tannic_acid,pH:conc,0.00449927626637026,0.5767261529413619
tannic_acid,pH:cnf,0.004782370110199558,0.5767261529413619
tannic_acid,conc:cnf,0.14018319093727377,0.5767261529413619
p_coumaric_acid,const,-2.139123439084939,0.7698844025291219
p_coumaric_acid,pH,0.2800190573155421,0.7698844025291219
p_coumaric_acid,conc,-0.5161074885129913,0.7698844025291219
p_coumaric_acid,cnf,0.35076576703041185,0.7698844025291219
p_coumaric_acid,pH2,-0.10201814915831371,0.7698844025291219
p_coumaric_acid,conc2,-0.2376962670260241,0.7698844025291219
p_coumaric_acid,cnf2,-0.27040791605514847,0.7698844025291219
p_coumaric_acid,pH:conc,-0.5217143286233166,0.7698844025291219
p_coumaric_acid,pH:cnf,0.015352239111349095,0.7698844025291219
p_coumaric_acid,conc:cnf,-0.04441786350325623,0.7698844025291219
acetosyringone,const,-2.5520486266522178,0.9199235914704367
acetosyringone,pH,0.06515224913143058,0.9199235914704367
acetosyringone,conc,-0.1784233170334309,0.9199235914704367
acetosyringone,cnf,-0.04603978985884261,0.9199235914704367
acetosyringone,pH2,0.04103213900031663,0.9199235914704367
acetosyringone,conc2,-0.013327721719489559,0.9199235914704367
acetosyringone,cnf2,-1.4754121174966126,0.9199235914704367
acetosyringone,pH:conc,0.017819992142295234,0.9199235914704367
acetosyringone,pH:cnf,0.1443673412300984,0.9199235914704367
acetosyringone,conc:cnf,0.09306247259484611,0.9199235914704367
