run,response,observed,stack_mean,stack_sd,lo90,hi90
1,tannic_acid,56.88,55.288849603127325,6.506840077489507,45.871413790672115,65.23795888953744
2,tannic_acid,44.6,44.310917533987904,6.1970776884762016,34.79291685664085,54.22179432405691
3,tannic_acid,54.97,55.52037565199276,6.059466154518594,46.18550620779814,65.46528622311443
4,tannic_acid,43.98,45.03084926084938,6.179779366657596,35.862589486191524,54.83454296395629
5,tannic_acid,54.36,54.91215717804612,6.2929848137153925,45.08034044983013,65.0094146140063
6,tannic_acid,42.29,43.78016603228277,6.383633078300916,33.768630614994116,53.95915211007195
7,tannic_acid,52.2,51.38274940509415,6.512943194437281,41.33836371890874,61.57744679479756
8,tannic_acid,40.51,40.86666897566639,6.235254250913063,31.0079773394202,51.14667473202509
9,tannic_acid,60.37,58.554149033377115,6.563398873344546,48.16902348219676,68.84549171188823
10,tannic_acid,55.61,54.25566221212896,6.389145621865655,44.32057481250694,64.75465696041155
11,tannic_acid,43.55,46.302769466214,6.275842710281366,36.3709407077353,56.48522377576691
12,tannic_acid,58.8,57.04930092695448,6.05609288828557,46.95507843099209,66.70852172479933
13,tannic_acid,51.17,50.4837768508362,6.180436905852601,40.50517942802614,59.930181050811136
14,tannic_acid,46.91,50.353445321679445,6.1097953462645895,40.820883262535894,60.16577229404034
15,tannic_acid,52.88,50.4183902661396,5.873157614895532,40.640222518301194,59.79140516820421
1,p_coumaric_acid,1.79,5.77539599710572,6.511437027921251,0.0,19.34144863582721
2,p_coumaric_acid,28.1,23.76961478600075,9.40166291833782,7.151871344327945,38.68150953370472
3,p_coumaric_acid,4.03,6.138936346454937,6.487492182370613,0.0,18.556382757082492
4,p_coumaric_acid,0.0,3.7713980683356683,5.627552529283802,0.0,15.544523416645658
5,p_coumaric_acid,0.0,3.8241186214988567,5.419193754744555,0.0,14.821467459500306
6,p_coumaric_acid,0.0,5.4108682160286845,6.766374180061627,0.0,19.305437291960782
7,p_coumaric_acid,11.37,9.468069806965463,7.517064802315653,0.0,23.05054710337622
8,p_coumaric_acid,14.69,13.748652456588413,8.118066964268134,0.0,27.42398340851677
9,p_coumaric_acid,9.33,9.135673728244983,7.286426215615378,0.0,22.628190541181972
10,p_coumaric_acid,0.88,3.527760842472375,5.170307180300425,0.0,13.910708196065805
11,p_coumaric_acid,13.9,14.72834544418225,8.123762875196974,0.08810553952514738,28.414947171610955
12,p_coumaric_acid,0.0,4.365013414724343,5.783314783040918,0.0,15.61527807758035
13,p_coumaric_acid,8.63,12.489495717788943,7.794709367980123,0.0,26.028957260753277
14,p_coumaric_acid,16.64,12.118570307953405,7.639881810080111,0.0,25.508970817815595
15,p_coumaric_acid,12.82,12.21956841660999,7.659896452914343,0.0,25.51389274449492
1,acetosyringone,9.13,9.09411040712875,2.719599582444762,4.989978828246691,12.971251233064754
2,acetosyringone,12.61,11.75649080552772,2.973337496037361,7.369568706410293,15.580374301925282
3,acetosyringone,7.36,7.571879952316852,2.555460192361254,3.246681144906928,11.380214487296946
4,acetosyringone,11.78,11.028420156705113,2.8908689689434124,6.460032869922957,15.094466959816675
5,acetosyringone,2.76,2.714804338461211,2.1656665623603844,0.0,6.263044587138052
6,acetosyringone,0.0,1.5201556928361721,2.4586120314326156,0.0,5.466477457441704
7,acetosyringone,0.0,1.1899950742833938,1.896818199496359,0.0,4.435436275814894
8,acetosyringone,0.0,1.2953860809668516,2.467614047269603,0.0,4.7821133172488315
9,acetosyringone,3.14,3.0203742002533587,2.160984462826869,0.0,6.636613401424392
10,acetosyringone,0.36,1.292405985922588,1.6340736434333611,0.0,4.482500615158755
11,acetosyringone,1.47,1.8943692476461111,1.9177885374482881,0.0,5.1300286819284375
12,acetosyringone,0.46,1.2543199626933537,1.753294224426905,0.0,4.43403635902416
13,acetosyringone,11.08,9.773198016629866,2.583085306174113,5.690455539719471,13.51308771520763
14,acetosyringone,7.94,9.801865937403687,2.722561423825062,5.615963343514031,13.546805150105241
15,acetosyringone,10.98,9.763065949215918,2.7688321063430377,5.2219302827677385,13.494258457520937
