param,r_hat,ess
Lam[0],1.0008306503295898,1597.077945509363
Lam[1],1.0005043745040894,2478.841496156952
Lam[2],1.0001412630081177,2531.1940875590044
Lam[3],1.000083565711975,2323.084803860359
Lam[4],1.0004074573516846,2342.432864511438
Lam[5],1.000048041343689,2408.4854760459093
Phi[0],1.0009057521820068,3205.202317581435
Phi[1],1.0000251531600952,4251.820681969272
Phi[2],1.0006766319274902,4464.118684118323
Phi[3],1.0007375478744507,5082.109005738633
Phi[4],1.000402569770813,3625.2775492704204
Phi[5],1.0005189180374146,3008.6031492216125
Phi[6],1.0003001689910889,3242.313997249296
Phi[7],0.9999483823776245,7486.440671531685
Phi[8],1.000045895576477,6027.648837724233
Phi[9],1.0000513792037964,3096.493595844526
Phi[10],1.0005866289138794,3715.212347860947
Phi[11],1.0001764297485352,4583.106734483073
Phi[12],1.0003260374069214,3736.4600102122545
Phi[13],1.000291109085083,3420.089123267028
Phi[14],0.999891996383667,2837.537017327438
Phi[15],1.000181794166565,5167.978929213698
Phi[16],1.000077247619629,5915.688760573688
Phi[17],1.0000420808792114,6152.000828497013
b0[0],1.0003246068954468,6857.802973773395
b0[1],0.9999842643737793,5503.650972322698
b0[2],0.9999092221260071,2715.40401428468
conc[0],1.0004055500030518,7779.0907586309695
conc[1],1.001364827156067,2770.8216822145114
conc[2],1.0000680685043335,2868.623734239707
conc_[0],1.0004055500030518,7779.0907586309695
conc_[1],1.001364827156067,2770.8216822145114
conc_[2],1.0000680685043335,2868.623734239707
delta[0],1.0010496377944946,2355.6497599023187
delta[1],1.0003153085708618,2350.540234230537
delta[2],0.9999396800994873,4662.680970641702
delta[3],1.000085711479187,4143.809331517307
delta[4],1.0002117156982422,4714.398908378543
delta[5],0.9998341798782349,3861.369601315028
delta[6],1.0000346899032593,6230.239113004205
delta[7],1.00028657913208,6564.654813500432
delta[8],1.0037697553634644,2493.767265958064
delta[9],1.0008025169372559,2954.69757911444
delta[10],1.002671241760254,2643.3706731734924
delta[11],1.0002344846725464,4019.539901616869
delta[12],0.9999512434005737,4854.482527852805
delta[13],1.0002275705337524,3825.473162251077
delta[14],1.0001976490020752,3697.046178355029
delta[15],1.0007810592651367,2127.085897156836
delta[16],1.0000759363174438,3949.6684308011168
delta[17],1.0007232427597046,5049.364872517516
delta[18],0.9999662041664124,6535.286906767235
delta[19],1.00032639503479,3472.433876605844
delta[20],0.999971866607666,5851.2464870985295
delta[21],1.0000929832458496,4631.460943469026
delta[22],1.0002484321594238,5304.519186513846
delta[23],1.0008610486984253,2201.133800821317
delta[24],0.9998876452445984,5270.947800143156
delta[25],1.0001932382583618,5165.599250418178
delta[26],0.9999632239341736,7008.123173505427
kappa[0],1.0022975206375122,1193.5183777445052
kappa[1],1.003213882446289,1061.0545534307703
kappa[2],1.0029191970825195,895.1873408365227
kappa[3],1.002058506011963,1382.7308674239885
kappa[4],1.00057852268219,1674.3092714443173
kappa[5],1.0004851818084717,1376.681088550797
kappa[6],1.0025746822357178,782.2399541833186
kappa[7],1.003541111946106,787.9499185198587
kappa[8],1.0081967115402222,676.6642924573346
logit_pi[0],1.0000532865524292,7338.507213858252
logit_pi[1],0.9999208450317383,5923.566981384887
logit_pi[2],0.9999295473098755,8821.482953280783
logit_pi[3],1.0000654458999634,7111.779735959307
logit_pi[4],0.999956488609314,8269.027638511245
logit_pi[5],0.9999536275863647,8606.190856421277
logit_pi[6],1.0000592470169067,7952.270123201868
logit_pi[7],0.9998950362205505,10337.759609630899
logit_pi[8],0.9999215006828308,6274.076005534104
logit_pi[9],1.000200867652893,7124.14700105019
logit_pi[10],1.0000966787338257,7788.318913856225
logit_pi[11],0.9999736547470093,7523.437977311968
logit_pi[12],0.9999797344207764,8046.789059504653
logit_pi[13],0.9998900890350342,9284.259455246409
logit_pi[14],0.999954342842102,6585.035384411286
logit_pi[15],1.0000224113464355,6764.632421387706
logit_pi[16],1.0000053644180298,9058.63464280085
logit_pi[17],0.9998960494995117,7851.236430725179
logit_pi[18],1.000145435333252,7670.25253629457
logit_pi[19],0.9999540448188782,7060.177869603538
logit_pi[20],0.9999343156814575,7950.955939917248
logit_pi[21],1.000277042388916,7125.589673132069
logit_pi[22],1.0001145601272583,8968.459036670558
logit_pi[23],1.0000826120376587,6961.424264404404
logit_pi[24],0.9999982714653015,7409.757136674305
logit_pi[25],0.9998503923416138,8090.7073101733395
logit_pi[26],0.9999257922172546,8832.73345439203
logit_pi[27],0.9999876618385315,8612.911866139091
logit_pi[28],1.0000680685043335,7983.649998110188
logit_pi[29],0.9998939037322998,6720.23761423092
logit_pi[30],1.0001119375228882,7653.31999231693
logit_pi[31],1.0000437498092651,5747.815001321245
logit_pi[32],0.9999538064002991,9849.350034388566
logit_pi[33],1.0002937316894531,7563.052868725444
logit_pi[34],1.0000171661376953,10298.908231889964
logit_pi[35],1.0000191926956177,7525.165868734523
logit_pi[36],1.0001143217086792,6958.231284943928
logit_pi[37],0.9998859763145447,9812.310415053127
logit_pi[38],0.9999629259109497,5906.421763111879
logit_pi[39],1.0001143217086792,6958.231284943928
logit_pi[40],0.9998859763145447,9812.310415053127
logit_pi[41],0.9999629259109497,5906.421763111879
logit_pi[42],1.0001143217086792,6958.231284943928
logit_pi[43],0.9998859763145447,9812.310415053127
logit_pi[44],0.9999629259109497,5906.421763111879
psi[0],0.9999203681945801,4912.06099040794
psi[1],1.0000585317611694,4675.08027548855
psi[2],1.0000001192092896,5408.569885399888
s0,1.0012489557266235,2437.1054405548616
s_grp[0],1.0018852949142456,847.4705463687152
s_grp[1],1.0012176036834717,1199.9552890258549
s_grp[2],1.0063177347183228,540.1739471821912
theta[0],1.0030523538589478,1607.1437219106167
theta[1],1.0005249977111816,3845.7669735499544
theta[2],1.0003187656402588,5462.733886924735
theta[3],0.999914824962616,6389.6371242542955
theta[4],1.0002588033676147,6658.135853127213
theta[5],1.0008413791656494,5652.817175553357
theta[6],1.0006308555603027,6369.782014363158
theta[7],1.000078558921814,9471.680622683461
theta[8],1.00373375415802,1319.618135599966
theta[9],1.0016566514968872,1683.5516134577097
theta[10],1.002511978149414,2085.050404869617
theta[11],1.000673532485962,3037.637997632001
theta[12],1.0000649690628052,7981.635447502668
theta[13],1.0008594989776611,5217.935128656375
theta[14],0.9999584555625916,5325.017987438028
theta[15],1.0017526149749756,1428.4056182540965
theta[16],1.0003701448440552,5390.271564151006
theta[17],1.0004329681396484,5420.72063158476
theta[18],1.0001453161239624,4608.993800952862
theta[19],1.0007617473602295,5103.801720084861
theta[20],1.0000447034835815,8656.83089999881
theta[21],1.0000033378601074,5168.82349255996
theta[22],1.000015377998352,4978.996314738825
theta[23],1.0002156496047974,1356.983014536072
theta[24],0.9999342560768127,9282.400644318224
theta[25],1.0001459121704102,6252.461178931105
theta[26],1.0002386569976807,8919.419494763548
u[0],1.000744104385376,5876.594920051032
u[1],1.0019611120224,1869.9317528862493
u[2],1.000036597251892,4720.455475107072
u[3],1.002061128616333,3259.947394854214
u[4],1.0009112358093262,2196.7904022446364
u[5],1.0006916522979736,2584.659181960376
u[6],1.0004186630249023,3558.447369742369
u[7],1.0012906789779663,2253.8394197333364
u[8],1.0006637573242188,3432.3880957273986
u[9],1.0006260871887207,3674.8158881696313
u[10],1.0021065473556519,3561.0020120185427
u[11],1.0002893209457397,4056.7738016906583
u[12],1.0003244876861572,2851.2377108847445
u[13],1.0013949871063232,2026.825034922487
u[14],1.0002050399780273,3995.5794010156546
u[15],1.0008530616760254,6960.495948360371
u[16],0.9999807476997375,8665.455407210453
u[17],0.9999599456787109,4191.072941246825
u[18],1.0001637935638428,6505.326161984715
u[19],1.000209093093872,5713.915565099752
u[20],0.9999245405197144,4284.813311205961
u[21],1.0024938583374023,3362.0639427924284
u[22],1.0002096891403198,5317.860834981554
u[23],0.999887228012085,4634.242543852971
u[24],1.0007375478744507,4159.643345756122
u[25],1.0001180171966553,6891.473188691062
u[26],1.0000563859939575,2327.563608438452
u[27],1.000661015510559,3226.4708784422996
u[28],1.0030708312988281,2193.7529273970968
u[29],1.0003576278686523,2229.707452241105
u[30],1.0031530857086182,1871.122213247503
u[31],1.0000708103179932,4933.72142809761
u[32],0.9999518990516663,2251.7530498272595
u[33],1.0003751516342163,4202.369477400836
u[34],1.0003710985183716,6604.728659378691
u[35],1.0000392198562622,2069.3106882522043
u[36],1.0003246068954468,6857.802973773395
u[37],0.9999842643737793,5503.650972322698
u[38],0.9999092221260071,2715.40401428468
u[39],1.0003246068954468,6857.802973773395
u[40],0.9999842643737793,5503.650972322698
u[41],0.9999092221260071,2715.40401428468
u[42],1.0003246068954468,6857.802973773395
u[43],0.9999842643737793,5503.650972322698
u[44],0.9999092221260071,2715.40401428468
vload[0],0.9999707341194153,10424.317341711949
vload[1],1.000400424003601,6642.537641284342
vload[2],0.9998983144760132,9548.188945721029
z0[0],1.0001143217086792,6958.231284943928
z0[1],0.9998859763145447,9812.310415053127
z0[2],0.9999629259109497,5906.421763111879
