param,mean,sd,q025,q500,q975
Lam[0],0.010103903,0.5494053,-1.1175605,0.0046197996,1.1881471
Lam[1],0.009139109,0.5424598,-1.1048062,0.0068724267,1.0986263
Lam[2],-0.002745676,0.9894408,-1.9113005,0.006738907,1.8938934
Lam[3],-0.0034397615,0.9861987,-1.8677697,-0.02131284,1.9081042
Lam[4],-0.009294269,1.0214485,-1.9807333,-0.01655039,1.9618834
Lam[5],0.006721991,1.0478778,-2.0240653,0.026123801,2.0148265
Phi[0],-0.002909919,0.22914584,-0.4717918,-0.0011213679,0.4693142
Phi[1],-0.0010926109,0.18772434,-0.39000484,-0.00040565926,0.37040263
Phi[2],-0.00024785646,0.18153559,-0.37161255,-0.00030305673,0.37201917
Phi[3],-0.0040342268,0.28888148,-0.6116472,-0.004710832,0.5888995
Phi[4],0.00057052803,0.31494227,-0.64995104,0.0047867848,0.6316322
Phi[5],0.010420108,0.42349398,-0.8255144,0.00012481945,0.8771458
Phi[6],0.0023419398,0.13261464,-0.26812354,0.0010527491,0.27632973
Phi[7],-0.00011954244,0.12895611,-0.26745886,-0.0005105678,0.2777693
Phi[8],0.0021561119,0.12356007,-0.26921,0.0006444565,0.26238272
Phi[9],3.732268e-05,0.22016253,-0.44956627,-0.0011728129,0.4545815
Phi[10],-0.0023331372,0.18682697,-0.3867003,-0.0007594377,0.36904714
Phi[11],0.0016848806,0.17872773,-0.35714418,0.0005492434,0.35935706
Phi[12],0.00038952637,0.30111068,-0.6202925,-0.00019514287,0.6014253
Phi[13],0.0013121467,0.32007012,-0.6507413,0.0005705972,0.6544647
Phi[14],0.004382589,0.41619855,-0.8377444,-0.0030708844,0.8603006
Phi[15],0.00041495304,0.12808432,-0.27728963,0.0005438257,0.27682912
Phi[16],0.0010608991,0.1319168,-0.28065258,-4.6125715e-05,0.2938141
Phi[17],0.001129273,0.12725374,-0.26485965,-0.00023407993,0.26597798
b0[0],0.005375846,0.13787022,-0.26990277,0.004499448,0.2809641
b0[1],-2.0058174,0.30911586,-2.614081,-2.0066047,-1.3960125
b0[2],-2.3731012,0.3164754,-3.0276134,-2.3545177,-1.7962365
conc[0],59.153996,23.497278,22.90658,55.737015,113.55919
conc[1],23.696241,11.719993,7.7571845,21.42959,52.896194
conc[2],40.742878,21.340307,11.801256,36.73604,92.17944
conc_[0],59.153996,23.497278,22.90658,55.737015,113.55919
conc_[1],23.696241,11.719993,7.7571845,21.42959,52.896194
conc_[2],40.742878,21.340307,11.801256,36.73604,92.17944
delta[0],-0.08279427,0.12050917,-0.34488782,-0.056354858,0.10798747
delta[1],0.0037486341,0.08845491,-0.17763634,0.0009281477,0.19872701
delta[2],-0.022780545,0.08661008,-0.22184171,-0.0094880555,0.14388825
delta[3],-0.048300628,0.14358859,-0.38157696,-0.021860711,0.21112713
delta[4],0.031041102,0.14377037,-0.2506957,0.012792678,0.3669276
delta[5],-0.020198932,0.20427397,-0.4595062,-0.0065500527,0.3875674
delta[6],-0.0004547495,0.07044317,-0.15575403,1.8965016e-05,0.1458915
delta[7],-0.002407642,0.073842525,-0.17074731,-7.39254e-05,0.14965105
delta[8],0.04204968,0.08982216,-0.08049808,0.013269513,0.28214404
delta[9],0.09523671,0.18700272,-0.16888733,0.03426612,0.6058365
delta[10],-0.043849558,0.13979475,-0.41681173,-0.010703502,0.16856611
delta[11],0.043402933,0.1417079,-0.1844509,0.01045837,0.42203477
delta[12],-0.008558856,0.2060505,-0.4666839,-0.0027394847,0.4445044
delta[13],-0.06022605,0.2255375,-0.62496406,-0.014275376,0.30633223
delta[14],-0.01578324,0.32021382,-0.68630445,-0.0031230182,0.6067605
delta[15],-0.033727106,0.11314734,-0.3542776,-0.0049927155,0.11968035
delta[16],-0.009773917,0.109118015,-0.25112525,-0.0008429587,0.18731
delta[17],0.015285624,0.10720507,-0.18127991,0.0018899739,0.2845003
delta[18],0.023248466,0.15402181,-0.28613216,0.006583686,0.39071882
delta[19],-0.025355581,0.12749796,-0.3231468,-0.005692376,0.20407099
delta[20],-0.009544934,0.1273409,-0.31717536,-0.0006859681,0.24381806
delta[21],0.06291059,0.21141368,-0.3062509,0.018727489,0.60092217
delta[22],-0.04042352,0.20465223,-0.52936125,-0.011972602,0.34725076
delta[23],-0.35275823,0.47805235,-1.5678679,-0.17222941,0.16206019
delta[24],0.0050272257,0.09749677,-0.19665012,0.0009230678,0.21119425
delta[25],-0.0054728356,0.10617827,-0.25137937,-0.0003034118,0.2077265
delta[26],0.009538606,0.10011597,-0.19040392,0.001638803,0.24658765
kappa[0],0.14280196,0.12870784,0.004549518,0.112332836,0.46573958
kappa[1],0.107214935,0.11018543,0.0036442024,0.0742282,0.4054194
kappa[2],0.109190345,0.11129133,0.0038050346,0.076230645,0.40891722
kappa[3],0.181743,0.17975709,0.0073085823,0.12918678,0.6487314
kappa[4],0.17833981,0.18302281,0.0063869804,0.12457585,0.6577973
kappa[5],0.2979985,0.28990826,0.009079194,0.2197822,1.0081981
kappa[6],0.07381222,0.08665607,0.002132426,0.045455888,0.30972123
kappa[7],0.073071525,0.09413385,0.0018331214,0.041545585,0.3345801
kappa[8],0.079895884,0.093925245,0.0020863765,0.048568003,0.34192413
logit_pi[0],-4.6364207,1.4405577,-7.6474433,-4.562008,-2.0137887
logit_pi[1],-1.514934,1.008651,-4.0185623,-1.3325193,-0.03883837
logit_pi[2],-1.6173929,0.8793159,-3.612329,-1.5361147,-0.13696015
logit_pi[3],-4.6146355,1.37291,-7.491243,-4.540686,-2.164576
logit_pi[4],-1.247862,0.8220151,-3.127956,-1.1751223,0.15801565
logit_pi[5],-1.4248965,0.77090514,-3.0155737,-1.4172846,0.07735399
logit_pi[6],-4.6415553,1.3741168,-7.4556985,-4.5621576,-2.130136
logit_pi[7],-0.9974033,0.77084225,-2.5457978,-1.0017593,0.5429772
logit_pi[8],-1.6125687,0.81202537,-3.4567292,-1.5426495,-0.21743351
logit_pi[9],-4.6195045,1.4518424,-7.6308002,-4.55348,-1.9758751
logit_pi[10],-0.73033154,0.87166935,-2.2174275,-0.82717323,1.3112766
logit_pi[11],-1.4200723,0.83587384,-3.1361365,-1.4106728,0.2379264
logit_pi[12],-4.6466484,1.3848631,-7.500107,-4.581852,-2.1173463
logit_pi[13],-1.130559,0.81082636,-2.887754,-1.0781052,0.36252132
logit_pi[14],-1.7161287,0.8699872,-3.7559254,-1.6116835,-0.331456
logit_pi[15],-4.6248803,1.3910531,-7.516148,-4.561058,-2.084488
logit_pi[16],-0.8634871,0.7939586,-2.3265018,-0.9012242,0.87637997
logit_pi[17],-1.5236322,0.8016166,-3.2622495,-1.4827483,-0.059469465
logit_pi[18],-4.6312866,1.390708,-7.48721,-4.5660944,-2.1038096
logit_pi[19],-1.3817784,0.89420694,-3.5784168,-1.2601154,-0.0015598104
logit_pi[20],-1.513833,0.7984541,-3.2499192,-1.4681596,-0.038148686
logit_pi[21],-4.6094127,1.3960438,-7.5024595,-4.535905,-2.0508718
logit_pi[22],-1.1147065,0.8066082,-2.8495696,-1.0743442,0.4195306
logit_pi[23],-1.3213365,0.782442,-2.8297741,-1.3349807,0.31003654
logit_pi[24],-4.633274,1.3691663,-7.5017867,-4.561863,-2.121564
logit_pi[25],-1.2557882,0.8317867,-3.107114,-1.1668507,0.17075951
logit_pi[26],-1.6222926,0.8176899,-3.4630995,-1.5524652,-0.23257512
logit_pi[27],-4.638264,1.4400561,-7.6119957,-4.5699234,-1.9918176
logit_pi[28],-0.7382578,0.86397415,-2.23732,-0.8261023,1.2655095
logit_pi[29],-1.6174685,0.8751676,-3.6093643,-1.5424345,-0.099825576
logit_pi[30],-4.6179605,1.4397298,-7.686837,-4.5355415,-2.0104306
logit_pi[31],-1.5070078,0.9985981,-4.051301,-1.3340383,-0.047850747
logit_pi[32],-1.4199967,0.83412683,-3.1080027,-1.410983,0.25605732
logit_pi[33],-4.6227856,1.3807242,-7.463812,-4.5444136,-2.1367507
logit_pi[34],-0.9894772,0.77687544,-2.5111208,-1.0012819,0.560857
logit_pi[35],-1.4151727,0.7674927,-2.9771986,-1.3956115,0.10179065
logit_pi[36],-4.6281395,1.2221102,-7.157716,-4.5661345,-2.4050407
logit_pi[37],-1.1226326,0.57499695,-2.3353584,-1.0936395,-0.060979486
logit_pi[38],-1.5187328,0.63095033,-2.8432684,-1.4829304,-0.38018617
logit_pi[39],-4.6281395,1.2221102,-7.157716,-4.5661345,-2.4050407
logit_pi[40],-1.1226326,0.57499695,-2.3353584,-1.0936395,-0.060979486
logit_pi[41],-1.5187328,0.63095033,-2.8432684,-1.4829304,-0.38018617
logit_pi[42],-4.6281395,1.2221102,-7.157716,-4.5661345,-2.4050407
logit_pi[43],-1.1226326,0.57499695,-2.3353584,-1.0936395,-0.060979486
logit_pi[44],-1.5187328,0.63095033,-2.8432684,-1.4829304,-0.38018617
psi[0],0.013355202,0.5823473,-1.2379327,0.0059940177,1.313007
psi[1],0.00682197,0.6691435,-1.4580754,0.003985363,1.4336467
psi[2],0.009329299,0.5902513,-1.2456422,0.005698815,1.2720015
s0,0.5902425,0.46630087,0.031123012,0.47868875,1.756616
s_grp[0],0.18725526,0.13081637,0.01985704,0.15943794,0.518729
s_grp[1],0.3350288,0.21782152,0.050129734,0.29759738,0.8560892
s_grp[2],0.11264684,0.10373215,0.0078043477,0.08416663,0.38848668
theta[0],-0.16626264,0.09993575,-0.36034864,-0.167431,0.008841537
theta[1],0.034937404,0.07702472,-0.113907464,0.029542096,0.19459912
theta[2],-0.05649287,0.0783877,-0.22160475,-0.05047243,0.086883746
theta[3],-0.10503162,0.121965766,-0.36411554,-0.097025186,0.12021823
theta[4],0.105625376,0.12073765,-0.119306855,0.09782374,0.35638493
theta[5],0.035508953,0.1280149,-0.22031249,0.032254532,0.29481104
theta[6],0.010992291,0.078097284,-0.14951131,0.0055680987,0.17980927
theta[7],0.0036933962,0.07694324,-0.15862316,0.0018115328,0.17016903
theta[8],0.06365479,0.09500856,-0.07772128,0.039427817,0.2957848
theta[9],0.30179748,0.2624018,-0.09735871,0.27185196,0.8630546
theta[10],-0.1776348,0.20732675,-0.6677507,-0.1370549,0.13094275
theta[11],0.14303772,0.20996977,-0.19419044,0.1034568,0.6352617
theta[12],0.04681288,0.2757773,-0.526485,0.041408967,0.61109436
theta[13],-0.2611347,0.307663,-0.9440615,-0.22194211,0.2656128
theta[14],-0.18458629,0.3235447,-0.8731873,-0.16056632,0.4378854
theta[15],-0.10171944,0.19350925,-0.6285669,-0.043050043,0.1477436
theta[16],-0.0355451,0.17645837,-0.47667927,-0.010121062,0.28244704
theta[17],0.026473602,0.1688457,-0.29348758,0.0056253364,0.4382458
theta[18],0.15386255,0.21356982,-0.23120037,0.13273191,0.62340075
theta[19],-0.12089775,0.16280067,-0.4780363,-0.10262834,0.16389683
theta[20],0.019128105,0.18253271,-0.36058807,0.015220894,0.39668986
theta[21],0.2434117,0.30900264,-0.28453383,0.20661348,0.9188572
theta[22],-0.2559844,0.31572494,-0.95440364,-0.21710801,0.28523692
theta[23],-0.80814385,0.5371549,-1.8949132,-0.8027407,0.032898284
theta[24],-0.007217703,0.14326887,-0.3265128,-0.0032896611,0.29690772
theta[25],-0.02604427,0.19256753,-0.47659835,-0.007179577,0.32981938
theta[26],0.019737348,0.15067995,-0.2765795,0.0068577062,0.37320447
u[0],0.14828712,0.18750574,-0.21910724,0.14909583,0.5231787
u[1],-2.4460216,0.44495735,-3.3916214,-2.4137583,-1.6427125
u[2],-2.4258564,0.40455595,-3.3012137,-2.40104,-1.7019153
u[3],-0.20622274,0.1997593,-0.6009905,-0.20746937,0.18372305
u[4],-1.6389877,0.5024771,-2.6369283,-1.6387203,-0.71841305
u[5],-2.1036959,0.42734358,-3.0074906,-2.0695825,-1.3514061
u[6],0.19617735,0.19247067,-0.19468915,0.1972798,0.5764749
u[7],-2.597852,0.5298067,-3.7387831,-2.5555134,-1.6830258
u[8],-2.6532164,0.4487242,-3.6496754,-2.6191473,-1.8608599
u[9],-0.114363335,0.18939216,-0.4863396,-0.11568333,0.26119244
u[10],-2.197696,0.5568326,-3.4283361,-2.1727612,-1.1719685
u[11],-2.3599267,0.42431486,-3.2653093,-2.329891,-1.5939939
u[12],0.16230208,0.19902958,-0.22787856,0.16296896,0.55539995
u[13],-2.623971,0.649855,-4.053075,-2.5658622,-1.5120997
u[14],-3.1368685,0.5331067,-4.2886286,-3.0994716,-2.1868775
u[15],-0.17760998,0.1906843,-0.5522015,-0.1788049,0.19782375
u[16],-1.949286,0.537972,-3.0514698,-1.9477987,-0.86274433
u[17],-2.7770548,0.6480907,-4.1137457,-2.768256,-1.5166855
u[18],0.041929547,0.18750378,-0.3307784,0.042263832,0.4173174
u[19],-2.2668054,0.46932572,-3.279873,-2.2428937,-1.4000843
u[20],-3.0465233,0.64419484,-4.3824654,-3.009086,-1.8406353
u[21],-0.28320894,0.2021589,-0.67817533,-0.2875805,0.11902948
u[22],-1.7343007,0.44340658,-2.655453,-1.7044632,-0.9362952
u[23],-2.790887,0.6570555,-4.1642733,-2.7726111,-1.5330884
u[24],0.23172042,0.19210467,-0.13398102,0.22675073,0.62420964
u[25],-2.390468,0.4641624,-3.387156,-2.3691154,-1.5457028
u[26],-3.3157227,0.5751262,-4.4733105,-3.3086584,-2.2370925
u[27],0.17428567,0.19785464,-0.22539973,0.17411125,0.565283
u[28],-2.7986846,0.54708785,-3.9735458,-2.7605205,-1.8350728
u[29],-3.5969927,0.5760264,-4.7604218,-3.5958529,-2.506102
u[30],-0.008574884,0.19496381,-0.4059994,-0.002751113,0.3630287
u[31],-2.1573396,0.45199427,-3.1195335,-2.1382742,-1.3235202
u[32],-3.316941,0.570152,-4.444092,-3.3139896,-2.2608287
u[33],0.1886095,0.19635688,-0.18606395,0.18304107,0.5890932
u[34],-2.4596617,0.5666056,-3.6893384,-2.4257212,-1.420619
u[35],-3.5192618,0.5754522,-4.652101,-3.523347,-2.425822
u[36],0.005375846,0.13787022,-0.26990277,0.004499448,0.2809641
u[37],-2.0058174,0.30911586,-2.614081,-2.0066047,-1.3960125
u[38],-2.3731012,0.3164754,-3.0276134,-2.3545177,-1.7962365
u[39],0.005375846,0.13787022,-0.26990277,0.004499448,0.2809641
u[40],-2.0058174,0.30911586,-2.614081,-2.0066047,-1.3960125
u[41],-2.3731012,0.3164754,-3.0276134,-2.3545177,-1.7962365
u[42],0.005375846,0.13787022,-0.26990277,0.004499448,0.2809641
u[43],-2.0058174,0.30911586,-2.614081,-2.0066047,-1.3960125
u[44],-2.3731012,0.3164754,-3.0276134,-2.3545177,-1.7962365
vload[0],0.009979661,0.9441796,-1.8651407,0.0146401785,1.8555088
vload[1],0.011460617,0.9564162,-1.839632,0.01278943,1.9037467
vload[2],0.021107318,0.84594995,-1.6450186,0.018015053,1.7701724
z0[0],-4.6281395,1.2221102,-7.157716,-4.5661345,-2.4050407
z0[1],-1.1226326,0.57499695,-2.3353584,-1.0936395,-0.060979486
z0[2],-1.5187328,0.63095033,-2.8432684,-1.4829304,-0.38018617
