run,x1_coded,x2_coded,x3_coded,pH,additive_mM,cnf_pct,tannic_acid,p_coumaric_acid,acetosyringone
1,-1,-1,0,4,5,0.25,56.88,1.79,9.13
2,1,-1,0,8,5,0.25,44.60,28.10,12.61
3,-1,1,0,4,15,0.25,54.97,4.03,7.36
4,1,1,0,8,15,0.25,43.98,0,11.78
5,-1,0,-1,4,10,0.10,54.36,0,2.76
6,1,0,-1,8,10,0.10,42.29,0,0
7,-1,0,1,4,10,0.40,52.20,11.37,0
8,1,0,1,8,10,0.40,40.51,14.69,0
9,0,-1,-1,6,5,0.10,60.37,9.33,3.14
10,0,1,-1,6,15,0.10,55.61,0.88,0.36
11,0,-1,1,6,5,0.40,43.55,13.90,1.47
12,0,1,1,6,15,0.40,58.80,0,0.46
13,0,0,0,6,10,0.25,51.17,8.63,11.08
14,0,0,0,6,10,0.25,46.91,16.64,7.94
15,0,0,0,6,10,0.25,52.88,12.82,10.98
