step,nll,seconds
500,1.3950161809921264,79.91589069366455
1000,1.2550119199752807,177.14883375167847
1500,1.0435024636387824,267.7807812690735
2000,0.9478958567380905,368.44876766204834
2500,0.9032941052913666,455.2553198337555
3000,0.8608133106827736,546.5990698337555
3500,0.8664429002404213,639.560569524765
4000,0.8183755633831025,730.9851577281952
4500,0.8501035968065261,804.9890613555908
5000,0.8371074753403663,876.6314671039581
5500,0.817455910384655,936.6533830165863
6000,0.8196946246027946,1026.6482071876526
6500,0.807723770916462,1111.3268387317657
7000,0.8158717265725136,1204.9767730236053
7500,0.7906509647667408,1293.0096464157104
8000,0.8148113255798817,1380.1999247074127
8500,0.7922224396765232,1467.7750158309937
9000,0.7820365765094757,1554.1029317378998
9500,0.7790566955208779,1619.591209411621
10000,0.774781267285347,1697.7366621494293
10500,0.8121496481001377,1781.382016658783
11000,0.7900956699848175,1847.2304990291595
11500,0.761171582520008,1936.9671103954315
12000,0.7850287775695324,2015.8661756515503
12500,0.7851569156646728,2078.2541484832764
13000,0.7833610464930534,2143.5119183063507
13500,0.7632582588493824,2213.0301444530487
14000,0.7525382105708123,2293.3242914676666
14500,0.7712448219954967,2358.5386521816254
15000,0.755818651497364,2420.762856721878
15500,0.7631356367468833,2487.448858976364
16000,0.7724824976027012,2561.2175929546356
16500,0.7727115475237369,2633.361192703247
17000,0.7657745486199856,2713.012692928314
17500,0.7441533545851707,2790.366402864456
18000,0.7709143885970116,2868.9397237300873
18500,0.7693288676738739,2941.4866700172424
19000,0.78635901466012,3011.9832582473755
19500,0.7579840293228626,3076.3999857902527
20000,0.7514269472062588,3161.9787921905518
20500,0.7367161772847176,3243.8563888072968
21000,0.7330031752288342,3329.7853858470917
21500,0.7427385770082474,3425.8508660793304
22000,0.7190404683649539,3518.120115995407
22500,0.7242462415099143,3604.7533135414124
23000,0.7175868191421032,3689.7512271404266
23500,0.7319128112792969,3781.7387692928314
24000,0.7633898876607418,3871.6682612895966
24500,0.7581501357853413,3961.551660299301
25000,0.705606352776289,4049.3431313037872
25500,0.710651989787817,4143.568832874298
26000,0.7182407601475715,4236.194263458252
26500,0.7178027391135693,4307.852487564087
27000,0.6993511381745339,4376.977918386459
27500,0.7146140608489513,4440.487489700317
28000,0.7191994407176971,4502.944404602051
28500,0.727838694602251,4570.0896582603455
29000,0.7481898791491985,4646.550842761993
29500,0.72574636913836,4725.47264289856
30000,0.7162649382054805,4827.254696846008
30500,0.7415140781104564,4928.807210922241
31000,0.7267276493608952,8530.520386695862
31500,0.7316442375481129,8604.080596923828
32000,0.7307296704947949,8705.044981718063
32500,0.7398705902695656,8760.590277671814
33000,0.7262747445702553,8821.628025770187
33500,0.7463897638022899,8881.759727239609
34000,0.7073189378082753,8936.824434518814
34500,0.7521041956096888,9006.612067461014
35000,0.7297895517349243,9075.215365409851
35500,0.7276431418508291,9144.922786712646
36000,0.7236917196512223,9221.605057001114
36500,0.7189563208818436,9308.31112241745
37000,0.70340524071455,9384.221085071564
37500,0.7316784156560898,9453.147621631622
38000,0.7460889025479556,9517.706583023071
38500,0.7077548586130142,9586.506434679031
39000,0.7577659812569618,9660.266286373138
39500,0.7004074976146221,9728.582458019257
40000,0.7270455026328564,9794.71996307373
40500,0.7069207092225551,9864.211739301682
41000,0.7262266868650913,9927.130537033081
41500,0.6755187784433365,9996.262277126312
42000,0.7216500762403011,10063.089877843857
42500,0.6726387991756201,10130.035553693771
43000,0.7029868120402097,10198.476650953293
43500,0.7480197267532349,10260.570103168488
44000,0.708523899525404,10324.753131866455
44500,0.703811649620533,10399.33640575409
45000,0.7307383544743061,10483.889492750168
45500,0.7217082172632218,10549.748868703842
46000,0.7059823914170266,10631.23857998848
46500,0.6897914296984673,10698.554348230362
47000,0.6969065340161323,10759.835615634918
47500,0.6877719113230705,10842.986769914627
48000,0.6910032972097396,10907.30875325203
48500,0.7151816831380129,10972.224306344986
49000,0.7036058666855097,11039.734715223312
49500,0.6944250620752573,11102.4062230587
50000,0.6797155627608299,11168.94180226326
