response,term,coef
tannic_acid,const,71.3
tannic_acid,pH,7.84
tannic_acid,conc,-4.47
tannic_acid,cnf,-99.9
tannic_acid,pH2,-0.932
tannic_acid,conc2,0.1406
tannic_acid,cnf2,33.2
tannic_acid,pH:conc,0.032
tannic_acid,pH:cnf,0.32
tannic_acid,conc:cnf,6.67
p_coumaric_acid,const,-75.1
p_coumaric_acid,pH,14.09
p_coumaric_acid,conc,5.68
p_coumaric_acid,cnf,122.3
p_coumaric_acid,pH2,-0.466
p_coumaric_acid,conc2,-0.094
p_coumaric_acid,cnf2,-192
p_coumaric_acid,pH:conc,-0.759
p_coumaric_acid,pH:cnf,2.77
p_coumaric_acid,conc:cnf,-1.82
acetosyringone,const,-8.6
acetosyringone,pH,0.18
acetosyringone,conc,-0.80
acetosyringone,cnf,178.6
acetosyringone,pH2,-0.056
acetosyringone,conc2,0.0178
acetosyringone,cnf2,-403.8
acetosyringone,pH:conc,0.024
acetosyringone,pH:cnf,2.30
acetosyringone,conc:cnf,0.59
