variant,response,RMSE,dRMSE,CRPS,dCRPS,R2,dR2,FracNegative
CM-BARS +GP,acetosyringone,4.724857496220188,1.372800800396746,2.776757491222408,0.9205929395990375,0.0289636920371642,-0.48229308212658173,0.0
CM-BARS +GP,p_coumaric_acid,8.371321882439526,-1.2754312592814898,4.812228967673649,-0.9274524724352942,-0.0999306676485616,0.36069712143895316,0.0
CM-BARS +GP,tannic_acid,5.554715293638763,-0.698095819023762,3.682599678435247,-0.04942678998883565,0.2055305394045935,0.2122401587461316,0.0
CM-BARS -all,acetosyringone,5.759715126871392,2.4076584310479507,3.621956810775894,1.7657922591525235,-0.4429791227206487,-0.9542358968843947,0.0
CM-BARS -all,p_coumaric_acid,10.754780578251175,1.1080274365301594,6.794896907051641,1.0552154669426983,-0.8154334664664993,-0.3548056773789845,0.0
CM-BARS -all,tannic_acid,19.914226657304862,13.661415544642338,10.762933881020578,7.030907412596495,-9.211287194155869,-9.20457757481433,0.0
CM-BARS -bounded link,acetosyringone,4.796297568956494,1.4442408731330527,2.771963086357241,0.9157985347338704,-0.0006225336779945,-0.5118793078417404,0.0
CM-BARS -bounded link,p_coumaric_acid,8.965201329882126,-0.6815518118388901,5.463079632260897,-0.27660180784804567,-0.2615292438066658,0.19909854528084897,0.0
CM-BARS -bounded link,tannic_acid,9.404625084752764,3.151813972090239,4.901989052127378,1.1699625837032959,-1.277385617007973,-1.2706759976664348,0.0
CM-BARS -coupling,acetosyringone,4.906421896611391,1.5543652007879496,2.8858943901730267,1.0297298385496563,-0.0470991802169873,-0.5583559543807333,0.0
CM-BARS -coupling,p_coumaric_acid,8.365974586141995,-1.2807785555790208,4.793261244869047,-0.9464201952398961,-0.0985259249387724,0.3621018641487424,0.0
CM-BARS -coupling,tannic_acid,5.636983923917899,-0.6158271887446256,3.726546783440146,-0.0054796849839364725,0.1818231411303258,0.1885327604718639,0.0
CM-BARS -shrinkage,acetosyringone,4.256219840118636,0.9041631442951941,2.3970663362997997,0.5409017846764292,0.2120364221804613,-0.29922035198328467,0.0
CM-BARS -shrinkage,p_coumaric_acid,11.792757502353387,2.1460043606323715,7.053123863747648,1.3134424236387048,-1.1827699433168766,-0.7221421542293618,0.0
CM-BARS -shrinkage,tannic_acid,5.749658178110725,-0.5031529345517995,3.5492091935060825,-0.18281727491799993,0.1487881677028214,0.15549778704435951,0.0
CM-BARS -zero-part,acetosyringone,3.393088958677268,0.04103226285382622,2.029839641665396,0.17367509004202542,0.499218205885634,-0.01203856827811195,0.0
CM-BARS -zero-part,p_coumaric_acid,9.419472427867364,-0.22728071385365212,5.780088562289224,0.040407122180281085,-0.3926128144808669,0.0680149746066479,0.0
CM-BARS -zero-part,tannic_acid,5.635565798959309,-0.6172453137032159,3.732222820161757,0.00019635173767440506,0.1822347552457255,0.1889443745872636,0.0
CM-BARS mean-pooled,acetosyringone,4.593739925109285,1.2416832292858437,2.7064403548246654,0.8502758032012949,0.0821095576825784,-0.42914721648116755,0.0
CM-BARS mean-pooled,p_coumaric_acid,8.666095569971612,-0.9806575717494042,5.046348398180312,-0.6933330419286312,-0.178756707348622,0.28187108173889275,0.0
CM-BARS mean-pooled,tannic_acid,6.187759840881348,-0.06505127178117664,4.004406148066689,0.27237967964260656,0.0141280769294671,0.0208376962710052,0.0
CM-BARS+ (stacked),acetosyringone,1.9028837625108177,-1.449172933312624,1.0711561254783055,-0.7850084261450649,0.8424992738794068,0.3312424997156609,0.0
CM-BARS+ (stacked),p_coumaric_acid,8.673949545441987,-0.9728035962790287,4.88894274719938,-0.8507386929095633,-0.1808942608437189,0.2797335282437959,0.0
CM-BARS+ (stacked),tannic_acid,5.628245730103007,-0.6245653825595179,3.4713867778372136,-0.26063969058686887,0.1843577755154868,0.1910673948570249,0.0
Tobit-MT-Bayes,acetosyringone,3.305326661152713,-0.04673003467072867,1.8211688220180169,-0.034995729605353576,0.5247886408034075,0.01353186663966155,0.0
Tobit-MT-Bayes,p_coumaric_acid,9.556634611451456,-0.09011853026956018,5.636924785137634,-0.10275665497130948,-0.4334653240577595,0.02716246502975528,0.0
Tobit-MT-Bayes,tannic_acid,6.320544043535939,0.06773293087341425,3.8060773570273256,0.07405088860324316,-0.0286379035225943,-0.0219282841810562,0.0
