protocol,method,response,n,RMSE,MAE,MedAE,MaxAbsErr,R2,Spearman,FracNegative,ZeroBalAcc,CRPS,NLL,Coverage90,Coverage90_err,IntervalWidth90
LOCO,OLS-Quad + clip,tannic_acid,15,14.142943002659493,10.484285420735679,6.264998931884769,31.161429290771487,-4.150307762667736,0.47670557101721495,0.0,,8.875523666695365,6.843445235048339,0.4,0.5,10.863603591918945
LOCO,OLS-Quad + clip,p_coumaric_acid,15,10.107564944454188,8.48669063981374,9.430000305175781,20.665000915527344,-0.6035049676027859,0.25273890950337735,0.0,0.48863636363636365,6.30649781463487,4.8289912465352,0.4666666666666667,0.43333333333333335,13.447880744934082
LOCO,OLS-Quad + clip,acetosyringone,15,5.121598222207504,4.124166718006133,4.735000133514404,9.327499942779541,-0.14095640822360567,0.405040668124722,0.0,0.625,3.318126186932088,4.46158869896785,0.4,0.5,5.367321491241455
LOCO,PLS-Quad,tannic_acid,15,5.108582511239621,4.318454294840495,3.6548149108886747,9.174689483642581,0.3280229762777539,0.47670557101721495,0.0,,3.09647355309558,3.1751433467254686,0.8666666666666667,0.033333333333333326,18.672502517700195
LOCO,PLS-Quad,p_coumaric_acid,15,9.406000690858685,8.27098801867167,7.306814079284668,16.997060775756836,-0.38863223110990885,0.2459349028812289,0.2,0.5340909090909092,4.8817456792019644,3.2682450074668767,0.8,0.09999999999999998,23.45193099975586
LOCO,PLS-Quad,acetosyringone,15,4.493520727782028,4.002646605889002,3.118980541229248,6.9908333587646485,0.12172294179822307,0.4136690647482014,0.13333333333333333,0.625,2.548334290923432,2.7996847498160093,0.7333333333333333,0.16666666666666674,11.361166954040527
LOCO,ExtraTrees,tannic_acid,15,7.10264770549932,5.318308268229166,3.7775213623046895,14.487380218505862,-0.29895512373973365,0.14337009654653077,0.0,,4.118922160918776,3.6578061580383165,0.8,0.09999999999999998,19.973758697509766
LOCO,ExtraTrees,p_coumaric_acid,15,8.336179779392204,5.9530133783022565,4.365820007324219,20.9613600730896,-0.09071521886950307,0.2694433862448758,0.0,0.45454545454545453,4.478292017530979,3.244007207509596,0.8666666666666667,0.033333333333333326,24.13258934020996
LOCO,ExtraTrees,acetosyringone,15,1.5002859085060973,1.3125693004926047,1.3070396041870112,2.4103999876976014,0.9020947230764905,0.8126139316850763,0.0,0.4166666666666667,0.8676737645700479,1.9167271190852213,1.0,0.09999999999999998,6.559855937957764
LOCO,ElasticNet-Quad,tannic_acid,15,6.437495650539388,5.363064392089844,4.905109252929691,11.242080078125,-0.06705669878183063,0.13261733930554098,0.0,,3.901275663087718,3.4440370196965,0.8,0.09999999999999998,22.324573516845703
LOCO,ElasticNet-Quad,p_coumaric_acid,15,9.58200682670434,7.678602162679037,6.8808288002014155,21.38000020980835,-0.44108693405589516,-0.296568559356776,0.0,0.5,5.279186193370731,3.275954728936064,0.8666666666666667,0.033333333333333326,25.11846160888672
LOCO,ElasticNet-Quad,acetosyringone,15,3.3404472457852745,2.7399989690780635,2.1058855056762695,6.9908333587646485,0.5146363198540944,0.6115107913669064,0.0,0.5,1.8408046208160949,2.4801212077468646,0.8666666666666667,0.033333333333333326,7.912718772888184
LOCO,RandomForest,tannic_acid,15,5.972836435441693,4.456965199788412,3.8295384216308577,12.890986633300784,0.08142453126661975,0.2974929503340514,0.0,,3.4851835164861042,3.4468393378835884,0.8,0.09999999999999998,17.283557891845703
LOCO,RandomForest,p_coumaric_acid,15,9.016157073767337,7.012795866966248,5.069263458251953,19.17890319824219,-0.2759103691734608,-0.021700138489520196,0.0,0.5,5.055728080775307,3.5269382123512227,0.8666666666666667,0.033333333333333326,22.927417755126953
LOCO,RandomForest,acetosyringone,15,2.8142669034767547,2.2803507382074995,1.9479891204833981,5.796100215911865,0.6555004916691223,0.7589928057553957,0.0,0.5,1.5234540258715537,2.320395057750019,1.0,0.09999999999999998,8.936887741088867
LOCO,LightGBM,tannic_acid,15,6.6771882679897185,5.248856414794923,4.0417996215820295,13.94937438964844,-0.14799723649907048,0.35125673653900047,0.0,,3.9554542744744623,3.639921911045917,0.8,0.09999999999999998,19.826005935668945
LOCO,LightGBM,p_coumaric_acid,15,9.245410783629023,7.731735673745472,5.249882698059082,18.606059646606447,-0.3416203987086113,0.16455938354552818,0.06666666666666667,0.4090909090909091,5.192940430898143,3.4711060725898717,0.8,0.09999999999999998,22.50542640686035
LOCO,LightGBM,acetosyringone,15,1.7492028004898748,1.4441995576222737,1.2284132385253903,3.3494325256347652,0.8669121626886364,0.7589928057553957,0.13333333333333333,0.5833333333333334,0.958318352965242,1.997836147042387,1.0,0.09999999999999998,7.626214504241943
LOCO,XGBoost,tannic_acid,15,6.108144724176893,4.688690022786458,3.6977264404296903,13.966822814941409,0.03933440700962809,0.36200949377999025,0.0,,3.568267677387333,3.545737022862156,0.8,0.09999999999999998,18.346843719482422
LOCO,XGBoost,p_coumaric_acid,15,9.361644265769417,7.536029349962869,5.728279895782471,20.285818672180177,-0.37556620431407195,0.2314681438882154,0.13333333333333333,0.4090909090909091,4.945713347632256,3.390607849876781,0.8666666666666667,0.033333333333333326,23.678470611572266
LOCO,XGBoost,acetosyringone,15,2.677077553179779,2.2342682093580564,2.349839820861816,4.7345454978942865,0.6882690342334541,0.6798561151079137,0.06666666666666667,0.5833333333333334,1.4697144958300352,2.332290434890223,0.9333333333333333,0.033333333333333326,7.939208507537842
LOCO,Ridge-Quad,tannic_acid,15,5.9779818302462635,5.088359670003257,4.174906005859377,11.259383392333987,0.07984120671852202,0.30824570757504116,0.0,,3.6579463546007958,3.3950740467924576,0.8666666666666667,0.033333333333333326,22.14990997314453
LOCO,Ridge-Quad,p_coumaric_acid,15,10.502938736194928,8.322458300908407,6.763497314453125,20.23107147216797,-0.7314059003376878,-0.05063365647554712,0.06666666666666667,0.45454545454545453,5.644887185973899,3.5302762586581986,0.8,0.09999999999999998,24.405590057373047
LOCO,Ridge-Quad,acetosyringone,15,4.612120618313412,4.218623581250508,4.135170097351073,6.9908333587646485,0.07474944746963208,0.4136690647482014,0.13333333333333333,0.625,2.638497329825857,2.827419602793993,0.7333333333333333,0.16666666666666674,11.45707893371582
LOCO,Lasso-Quad,tannic_acid,15,6.567790850707829,5.508623667399089,5.415277862548827,11.26182876586914,-0.11068837931113684,-0.05734803861861231,0.0,,3.988029628132407,3.453237998945199,0.8,0.09999999999999998,22.197235107421875
LOCO,Lasso-Quad,p_coumaric_acid,15,10.069436179823711,8.14821375656128,7.784285659790039,21.38000020980835,-0.5914299831212657,-0.5502318772618674,0.0,0.5,5.68472541352804,3.408385656611542,0.8666666666666667,0.033333333333333326,25.122751235961914
LOCO,Lasso-Quad,acetosyringone,15,3.3377710163376406,2.7263955162366225,1.9186720848083496,6.9908333587646485,0.5154137153029672,0.6007194244604316,0.0,0.5,1.8695062519157732,2.5629913953892998,0.8666666666666667,0.033333333333333326,7.543475151062012
LOCO,GP-Matern,tannic_acid,15,5.993421731808158,4.913723327636719,4.744143371582034,10.704205322265622,0.07508190544061555,0.18279687309682677,0.0,,3.5014554198570584,3.2643171641659428,0.8666666666666667,0.033333333333333326,18.69468879699707
LOCO,GP-Matern,p_coumaric_acid,15,8.205724385080794,6.345461271921793,5.812499828338623,21.379845237731935,-0.05684447217683486,0.14105090018188127,0.0,0.5,4.545388560600466,3.4545280216348777,0.8666666666666667,0.033333333333333326,19.784379959106445
LOCO,GP-Matern,acetosyringone,15,5.308802586355136,5.023324199676514,5.2621923828125,7.862954006195068,-0.22588912300955788,-0.9244604316546763,0.0,0.5,3.171453948924596,2.945106576934788,0.9333333333333333,0.033333333333333326,12.731912612915039
LOCO,Tobit-Quad,tannic_acid,15,6.022211810795162,5.183876973470054,5.054360351562501,11.371913299560546,0.06617466593216803,0.5392857142857141,0.0,,4.357210673196095,6.492664441893442,0.26666666666666666,0.6333333333333333,5.469610214233398
LOCO,Tobit-Quad,p_coumaric_acid,15,12.38572608688752,10.091157740370681,10.351223945617676,27.140943145751955,-1.4077986754808705,0.04508714750414105,0.0,0.4431818181818182,9.091271163447349,8.811329547647311,0.2,0.7,6.568330764770508
LOCO,Tobit-Quad,acetosyringone,15,4.584565591597705,3.9453770087917794,3.727093086242675,7.946426706314087,0.0857722047625823,0.48201438848920863,0.0,0.5416666666666666,3.5162225078696188,10.527194469837832,0.13333333333333333,0.7666666666666667,2.467888593673706
LOCO,OLS-Quad (published),tannic_acid,15,14.142943002659493,10.484285420735679,6.264998931884769,31.161429290771487,-4.150307762667736,0.47670557101721495,0.0,,8.875523666695365,6.843445235048339,0.4,0.5,10.863603591918945
LOCO,OLS-Quad (published),p_coumaric_acid,15,11.714461715227532,10.432023999949298,9.816785640716553,20.665000915527344,-1.1538819828824343,0.2585933170001157,0.26666666666666666,0.48863636363636365,8.03525282693308,5.0300363233713,0.4,0.5,17.858152389526367
LOCO,OLS-Quad (published),acetosyringone,15,5.436725583523755,4.650833391030629,4.735000267028808,9.327499942779541,-0.2856799324665391,0.4136690647482014,0.13333333333333333,0.625,3.812459206457936,4.8991261961706565,0.26666666666666666,0.6333333333333333,6.931987285614014
LOCO,CM-BARS -bounded link,tannic_acid,15,9.404625084752764,7.472026184082032,7.892119293212893,18.645457153320315,-1.277385617007973,0.35,0.0,,4.901989052127378,3.5553087599618545,0.9333333333333333,0.033333333333333326,29.801944732666016
LOCO,CM-BARS -bounded link,p_coumaric_acid,15,8.965201329882126,7.541056205749512,6.231552505493164,20.8115797996521,-0.26152924380666587,-0.21081936627076078,0.0,0.3181818181818182,5.463079632260897,3.398776026004781,0.9333333333333333,0.033333333333333326,22.449983596801758
LOCO,CM-BARS -bounded link,acetosyringone,15,4.796297568956494,4.027144191741943,3.067633867263794,9.229502396583557,-0.0006225336779945856,0.06093229103227559,0.0,0.375,2.771963086357241,2.7468887383238636,0.8666666666666667,0.033333333333333326,11.755900382995605
LOCO,CM-BARS -shrinkage,tannic_acid,15,5.749658178110725,4.770604766845704,4.435472106933595,11.6039421081543,0.14878816770282144,0.5642857142857142,0.0,,3.5492091935060825,3.3778177217143672,0.8666666666666667,0.033333333333333326,25.387256622314453
LOCO,CM-BARS -shrinkage,p_coumaric_acid,15,11.792757502353387,9.991018059571585,11.766361198425294,21.926454162597658,-1.1827699433168766,-0.15135749373285393,0.0,0.4431818181818182,7.053123863747648,3.850975602625624,0.8666666666666667,0.033333333333333326,29.31204605102539
LOCO,CM-BARS -shrinkage,acetosyringone,15,4.256219840118636,3.7102106826702745,3.3599292182922365,6.792075424194335,0.21203642218046137,0.6021544054954294,0.0,0.5416666666666666,2.3970663362997993,2.823092548698825,0.9333333333333333,0.033333333333333326,12.587648391723633
LOCO,CM-BARS -zero-part,tannic_acid,15,5.635565798959309,4.763759765625,4.10251159667969,12.997519683837893,0.18223475524572552,0.5464285714285714,0.0,,3.7322228201617573,3.466900475595194,1.0,0.09999999999999998,36.94935989379883
LOCO,CM-BARS -zero-part,p_coumaric_acid,15,9.419472427867364,8.008050348281861,7.495779514312744,21.417500591278078,-0.39261281448086693,-0.3441581107497035,0.0,0.5,5.780088562289224,4.480930253668393,0.7333333333333333,0.16666666666666674,30.772464752197266
LOCO,CM-BARS -zero-part,acetosyringone,15,3.393088958677268,2.9018856690724686,2.089907684326172,6.106187896728516,0.49921820588563404,0.75627725928295,0.0,0.5,2.029839641665396,3.0976284929314066,0.8,0.09999999999999998,14.803792953491211
LOCO,CM-BARS,tannic_acid,15,6.252811112662525,5.346656606038412,4.868670349121096,12.692164611816409,-0.006709619341538131,0.3714285714285714,0.0,,3.7320264684240825,3.381731447194256,0.9333333333333333,0.033333333333333326,22.046794891357422
LOCO,CM-BARS,p_coumaric_acid,15,9.646753141721017,8.178069084803264,9.309947366714477,21.63995704650879,-0.4606277890875148,-0.35496936030205023,0.0,0.45454545454545453,5.739681440108943,3.38596184686991,0.9333333333333333,0.033333333333333326,24.45360565185547
LOCO,CM-BARS,acetosyringone,15,3.3520566958234417,2.9698491252660744,2.5593431538343427,5.191530017852783,0.5112567741637459,0.7419402496282969,0.0,0.625,1.8561645516233702,2.5313834291117967,0.9333333333333333,0.033333333333333326,10.081828117370605
LOCO,PFN-RSM (prior-fitted),tannic_acid,15,5.97664997503211,4.909619710286459,4.362810974121096,11.595683288574222,0.08025117175446639,0.32499999999999996,0.0,,3.5559186170890658,3.3222555479172065,0.9333333333333333,0.033333333333333326,22.314123153686523
LOCO,PFN-RSM (prior-fitted),p_coumaric_acid,15,8.884073871826077,7.433667324701944,7.175364971160889,20.042549705505373,-0.23880101028817236,-0.16577249313598286,0.0,0.4090909090909091,5.0947078438932865,3.2828745727463176,0.9333333333333333,0.033333333333333326,25.363527297973633
LOCO,PFN-RSM (prior-fitted),acetosyringone,15,4.133935061445363,3.650633850415547,3.4805086040496827,6.821111469268798,0.2566637024825392,0.6738394537686947,0.0,0.625,2.336325696303888,2.726773632039349,1.0,0.09999999999999998,12.966814994812012
LOCO,CM-BARS+ (stacked),tannic_acid,15,5.628245730103007,4.661552266438804,3.7013087463378938,11.76016540527344,0.18435777551548682,0.6499999999999999,0.0,,3.4713867778372136,3.3199852201300906,0.9333333333333333,0.033333333333333326,25.61568832397461
LOCO,CM-BARS+ (stacked),p_coumaric_acid,15,8.673949545441987,7.168264006296793,5.966505641937255,19.469662284851076,-0.18089426084371896,0.021622499104693417,0.0,0.45454545454545453,4.88894274719938,3.2123887593492304,0.9333333333333333,0.033333333333333326,24.12583351135254
LOCO,CM-BARS+ (stacked),acetosyringone,15,1.9028837625108177,1.6686308069229123,1.9200512170791626,2.9436538219451904,0.8424992738794068,0.7670300165239397,0.0,0.5,1.0711561254783055,2.113220843129889,1.0,0.09999999999999998,9.191140174865723
LOCO,CM-BARS -coupling,tannic_acid,15,5.636983923917899,4.821905415852865,4.091399383544925,9.987278747558591,0.18182314113032583,0.4107142857142856,0.0,,3.726546783440146,3.4861156955620416,1.0,0.09999999999999998,39.03976058959961
LOCO,CM-BARS -coupling,p_coumaric_acid,15,8.365974586141995,6.861666315714518,6.071155452728272,21.83546361923218,-0.09852592493877244,-0.2648756140324943,0.0,0.5,4.793261244869047,3.2973542713712187,0.9333333333333333,0.033333333333333326,26.466411590576172
LOCO,CM-BARS -coupling,acetosyringone,15,4.906421896611391,4.581569095611572,4.892149105072021,6.84590633392334,-0.047099180216987335,-0.09677481516890828,0.0,0.5,2.8858943901730267,2.9741818214121145,1.0,0.09999999999999998,17.276830673217773
LOCO,CM-BARS +GP,tannic_acid,15,5.554715293638763,4.664947153727214,3.097315979003909,9.680960845947268,0.20553053940459354,0.35357142857142854,0.0,,3.682599678435247,3.471827952469828,1.0,0.09999999999999998,39.89772033691406
LOCO,CM-BARS +GP,p_coumaric_acid,15,8.371321882439526,6.93349642944336,6.546683692932129,20.867324447631837,-0.09993066764856162,0.023424374030084533,0.0,0.5,4.812228967673649,3.2821368449491586,0.9333333333333333,0.033333333333333326,26.18722915649414
LOCO,CM-BARS +GP,acetosyringone,15,4.724857496220188,4.306114590326945,4.545478000640869,7.066713600158691,0.0289636920371642,-0.053763786204949045,0.0,0.5,2.7767574912224076,2.9269080491280137,1.0,0.09999999999999998,17.118083953857422
LOCO,CM-BARS mean-pooled,tannic_acid,15,6.187759840881348,5.451207885742188,4.0168067932128935,10.491616058349607,0.01412807692946716,0.2678571428571428,0.0,,4.004406148066689,3.5234023831423062,1.0,0.09999999999999998,40.60387420654297
LOCO,CM-BARS mean-pooled,p_coumaric_acid,15,8.666095569971612,7.325305320739746,5.985694236755371,21.920061683654787,-0.17875670734862203,-0.3837993591083081,0.0,0.5,5.046348398180312,3.376814036558406,0.9333333333333333,0.033333333333333326,26.43456268310547
LOCO,CM-BARS mean-pooled,acetosyringone,15,4.593739925109285,4.092683025360107,4.3369722747802735,7.063361988067626,0.08210955768257844,0.2365606593017758,0.0,0.5,2.7064403548246654,2.953301905684432,1.0,0.09999999999999998,16.750438690185547
LOCO,CM-BARS -all,tannic_acid,15,19.914226657304866,13.298478097279867,6.585133819580079,44.942075138092044,-9.211287194155867,0.4392857142857142,0.0,,10.762933881020578,4.499217926265607,0.8,0.09999999999999998,33.096614837646484
LOCO,CM-BARS -all,p_coumaric_acid,15,10.754780578251177,9.364674948056539,10.347279510498048,20.96878433227539,-0.8154334664664993,-0.041443123283995714,0.0,0.3977272727272727,6.794896907051641,3.8499539458047995,0.6666666666666666,0.2333333333333334,25.173572540283203
LOCO,CM-BARS -all,acetosyringone,15,5.7597151268713915,4.894104527155558,4.921266212463379,10.795101391077042,-0.44297912272064877,0.07885355310059194,0.0,0.5,3.621956810775894,3.4168700586648324,0.8,0.09999999999999998,11.59282112121582
LOCO,Tobit-MT-Bayes,tannic_acid,15,6.320544043535939,5.342800710042318,4.505827789306643,13.047087860107425,-0.02863790352259432,0.35357142857142854,0.0,,3.8060773570273256,3.4134712635676747,0.9333333333333333,0.033333333333333326,22.30597496032715
LOCO,Tobit-MT-Bayes,p_coumaric_acid,15,9.556634611451457,8.065891972859701,8.796343936920167,21.2968469619751,-0.4334653240577595,-0.3441581107497035,0.0,0.45454545454545453,5.636924785137634,3.3981064097580123,0.9333333333333333,0.033333333333333326,25.031436920166016
LOCO,Tobit-MT-Bayes,acetosyringone,15,3.305326661152713,2.9194679833650583,2.6019648259878156,5.208474903106689,0.5247886408034075,0.7276032399736437,0.0,0.625,1.8211688220180169,2.5355738671521233,0.9333333333333333,0.033333333333333326,9.999695777893066
LOO,Ridge-Quad,tannic_acid,15,6.073889181144087,5.285000193277996,4.82252105712891,11.259383392333987,0.05007935356685922,0.3142857142857143,0.0,,3.6388913642473386,3.355462226769106,0.8666666666666667,0.033333333333333326,20.638141632080078
LOO,Ridge-Quad,p_coumaric_acid,15,10.318329170945091,8.045914031346639,6.763497314453125,20.23107147216797,-0.6710751675310576,0.05946187253790689,0.06666666666666667,0.45454545454545453,5.618415950835251,3.5404379318438948,0.8,0.09999999999999998,25.443126678466797
LOO,Ridge-Quad,acetosyringone,15,3.8920279169570775,3.5410432640711464,3.1384456539154053,6.186322002410888,0.3411145256176903,0.5914016482544395,0.13333333333333333,0.625,2.1490908814561727,2.6387250990568196,0.8666666666666667,0.033333333333333326,12.367116928100586
LOO,OLS-Quad (published),tannic_acid,15,6.1635895203651145,5.445999572753908,5.090001068115235,11.354998931884765,0.0218149624787074,0.5392857142857141,0.0,,4.075575941996925,4.651444391370017,0.5333333333333333,0.3666666666666667,10.292309761047363
LOO,OLS-Quad (published),p_coumaric_acid,15,11.005055563717306,9.3066668005983,9.430000001490116,20.665000915527344,-0.9009106677991159,0.3639787349290058,0.26666666666666666,0.48863636363636365,7.331618356330529,4.872185061760387,0.4666666666666667,0.43333333333333335,16.6136417388916
LOO,OLS-Quad (published),acetosyringone,15,4.0601232140000665,3.4133333668708796,4.734999999999999,5.9250003051757805,0.2829714196169272,0.5878173958407763,0.13333333333333333,0.625,2.7299536211082627,3.981787116769429,0.4666666666666667,0.43333333333333335,6.516263008117676
LOO,RandomForest,tannic_acid,15,5.732234479334836,4.139996256510418,3.255003814697268,12.890986633300784,0.15393935612585952,0.33928571428571425,0.0,,3.3261435609263423,3.4084774686588166,0.8,0.09999999999999998,17.31006622314453
LOO,RandomForest,p_coumaric_acid,15,8.353996620352246,6.153273539543153,5.0343753051757805,19.17890319824219,-0.09538255263516437,0.1801874925391118,0.0,0.5,4.703604029590284,3.46887183605318,0.8666666666666667,0.033333333333333326,24.3447265625
LOO,RandomForest,acetosyringone,15,1.9936925507456724,1.7633213968276977,1.9405529785156244,3.9323580265045166,0.8271081934939992,0.7276032399736437,0.0,0.5,1.1737414592730568,2.152714524681434,1.0,0.09999999999999998,8.143165588378906
LOO,Lasso-Quad,tannic_acid,15,6.605294311801951,5.618815256754558,5.415277862548827,11.26182876586914,-0.12340912142424854,-0.010714285714285713,0.0,,3.9488869144364673,3.4174658106589715,0.8,0.09999999999999998,20.883419036865234
LOO,Lasso-Quad,p_coumaric_acid,15,9.991082817042603,7.943031219482422,7.784285659790039,21.38000020980835,-0.5667595352554136,-0.513993481547208,0.0,0.5,5.671014969179094,3.421473280921343,0.8666666666666667,0.033333333333333326,25.755229949951172
LOO,Lasso-Quad,acetosyringone,15,2.1057238275629078,1.91952913236618,1.8588597273826597,3.9622768020629877,0.8071316954365186,0.5268851048085006,0.0,0.5,1.1948328552343395,2.087999504418686,1.0,0.09999999999999998,7.571669101715088
LOO,GP-Matern,tannic_acid,15,6.102825992694632,5.122583852132162,5.074031677246097,10.704205322265622,0.04100669801737011,0.08214285714285713,0.0,,3.6514707825737656,3.4943441061967637,0.8,0.09999999999999998,17.060956954956055
LOO,GP-Matern,p_coumaric_acid,15,7.979679464719263,6.126035036722819,5.518235321044921,21.379845237731935,0.0005798028446033499,0.2666774889578855,0.0,0.5,4.4532039648149135,3.469071787144828,0.7333333333333333,0.16666666666666674,18.81037712097168
LOO,GP-Matern,acetosyringone,15,4.690055646214749,4.327317495981853,4.134368782043458,7.862954006195068,0.04321572074571556,-0.34050397929801063,0.0,0.5,2.7832214788307836,3.50178289043627,0.8666666666666667,0.033333333333333326,11.528829574584961
LOO,PLS-Quad,tannic_acid,15,5.2380537266042975,4.540864115397136,3.6577290344238307,9.174689483642581,0.29353037050328634,0.48214285714285704,0.0,,3.153845081358259,3.168061821216375,0.8666666666666667,0.033333333333333326,17.919281005859375
LOO,PLS-Quad,p_coumaric_acid,15,9.204208497763094,7.95685384941101,6.844325981140137,16.997060775756836,-0.32968914863729215,0.3225356116450101,0.2,0.5340909090909092,4.811381043757906,3.262716909686547,0.8,0.09999999999999998,24.699060440063477
LOO,PLS-Quad,acetosyringone,15,3.7065863318113377,3.2358110193411505,2.826598281860351,6.277801780700683,0.4024059294254547,0.5914016482544395,0.13333333333333333,0.625,2.025985535967689,2.5996276031457604,0.8666666666666667,0.033333333333333326,12.19440746307373
LOO,ElasticNet-Quad,tannic_acid,15,6.494042209151384,5.544516052246094,4.891456451416019,11.242080078125,-0.08588494869253505,0.1714285714285714,0.0,,3.845624844253509,3.3867119906509413,0.8,0.09999999999999998,20.267892837524414
LOO,ElasticNet-Quad,p_coumaric_acid,15,9.512997239518958,7.501120844523113,6.8808288002014155,21.38000020980835,-0.4204042730718949,-0.3117243620926634,0.0,0.5,5.278084531562879,3.283463206251313,0.8666666666666667,0.033333333333333326,25.472137451171875
LOO,ElasticNet-Quad,acetosyringone,15,2.1079162558179987,1.9299282395044959,1.7581553268432621,3.9716542816162104,0.8067298668154933,0.5376378620494904,0.0,0.5,1.2149296202547837,2.1390706522024967,1.0,0.09999999999999998,8.048579216003418
LOO,Tobit-Quad,tannic_acid,15,6.148087561390019,5.432851582845054,5.068576660156253,11.371913299560546,0.026729214201437368,0.5392857142857141,0.0,,4.566878130334411,6.733152639672081,0.2,0.7,5.501550197601318
LOO,Tobit-Quad,p_coumaric_acid,15,12.09471519441188,9.508810012912999,9.801178665161132,27.140943145751955,-1.2959822214503847,0.11722658351076673,0.0,0.4431818181818182,8.63979151729175,8.533951372554476,0.2,0.7,6.510353088378906
LOO,Tobit-Quad,acetosyringone,15,3.494392130413366,2.9943655335466217,3.058709678649902,5.904545307159424,0.4688694073757196,0.6510791366906474,0.0,0.5416666666666666,2.5716878042448004,8.393386403160923,0.26666666666666666,0.6333333333333333,2.4827427864074707
LOO,CM-BARS -bounded link,tannic_acid,15,6.112772485653777,4.9588985188802095,4.1591258239746125,11.676463317871097,0.037878182394363136,0.4357142857142856,0.0,,3.530621292249252,3.3423589898392057,0.9333333333333333,0.033333333333333326,23.032182693481445
LOO,CM-BARS -bounded link,p_coumaric_acid,15,8.290842688375198,6.645053309122721,5.897814388275146,20.8115797996521,-0.07888356752978631,-0.05946187253790689,0.0,0.45454545454545453,4.695540534456758,3.2334107631401556,0.9333333333333333,0.033333333333333326,23.200775146484375
LOO,CM-BARS -bounded link,acetosyringone,15,3.3903514303912035,2.9748199043273926,2.989461317062378,5.988506317138672,0.5000259367312598,0.6666709489413681,0.0,0.5,1.7951994876007806,2.512719139829798,1.0,0.09999999999999998,12.410152435302734
LOO,LightGBM,tannic_acid,15,6.433819443100804,4.95684907023112,3.920706634521487,13.94937438964844,-0.06583833626069335,0.42499999999999993,0.0,,3.7841567124185564,3.593580002060581,0.8,0.09999999999999998,19.029905319213867
LOO,LightGBM,p_coumaric_acid,15,8.8218858160974,7.107554958820343,5.249882698059082,18.606059646606447,-0.2215186251615726,0.1801874925391118,0.06666666666666667,0.4090909090909091,4.9811271834730455,3.439029607891824,0.8,0.09999999999999998,23.917158126831055
LOO,LightGBM,acetosyringone,15,1.8055074184779414,1.5989000352223712,1.474291458129883,3.089821395874023,0.8582064113404878,0.7526930068692866,0.13333333333333333,0.5833333333333334,1.0022465734249915,2.0478383659951125,0.9333333333333333,0.033333333333333326,6.910003185272217
LOO,CM-BARS -coupling,tannic_acid,15,5.739364541962378,5.035238800048829,4.494261627197268,9.987278747558591,0.15183329533846723,0.4357142857142856,0.0,,3.5792856785597924,3.411181569989006,1.0,0.09999999999999998,35.497318267822266
LOO,CM-BARS -coupling,p_coumaric_acid,15,8.24887073603884,6.673346393585206,6.071155452728272,21.83546361923218,-0.0679876356310467,-0.05585812268712465,0.0,0.5,4.618688316628371,3.2600522910540097,0.9333333333333333,0.033333333333333326,26.347698211669922
LOO,CM-BARS -coupling,acetosyringone,15,4.574105113113506,4.247564852396647,4.892149105072021,6.7003071594238275,0.08993938260122303,0.37276225102098004,0.0,0.5,2.6180196145505286,2.8898504201263067,1.0,0.09999999999999998,17.86315155029297
LOO,CM-BARS,tannic_acid,15,5.600292390603709,4.763112792968751,3.4731517028808625,10.19723815917969,0.19243962050214847,0.5071428571428571,0.0,,3.470621224615789,3.3792144729085214,1.0,0.09999999999999998,33.84681701660156
LOO,CM-BARS,p_coumaric_acid,15,8.379116792304862,6.781447920481365,7.140429973602295,20.913237190246583,-0.10198000998281764,-0.0396412483586046,0.0,0.5,4.745586623712409,3.2832330315227174,0.9333333333333333,0.033333333333333326,26.909276962280273
LOO,CM-BARS,acetosyringone,15,4.170425288277515,3.7113933862050374,4.311763324737549,6.473856716156005,0.2434829322621581,0.5448063668768169,0.0,0.5,2.376505729117189,2.8055684144740423,1.0,0.09999999999999998,17.2246036529541
LOO,ExtraTrees,tannic_acid,15,6.90851960387425,5.073452107747397,3.7775213623046895,14.487380218505862,-0.22891993135066913,0.21428571428571427,0.0,,3.9911823671373052,3.632912594961846,0.8,0.09999999999999998,19.621614456176758
LOO,ExtraTrees,p_coumaric_acid,15,8.417800922061721,6.053650623480479,5.44075345993042,20.9613600730896,-0.11217858875653097,0.25406436448014763,0.0,0.45454545454545453,4.6120372727340575,3.2938145908826053,0.8666666666666667,0.033333333333333326,25.303491592407227
LOO,ExtraTrees,acetosyringone,15,1.662193365952083,1.470362599849701,1.47,3.089999732971191,0.8798230634557132,0.7989240882722137,0.0,0.4166666666666667,0.9510963766799652,1.9758053344318662,1.0,0.09999999999999998,6.570078372955322
LOO,CM-BARS -zero-part,tannic_acid,15,5.7333280839024345,4.826185760498047,5.3226774597168,12.997519683837893,0.15361649981256398,0.475,0.0,,3.564064788733356,3.388779215875353,1.0,0.09999999999999998,33.028282165527344
LOO,CM-BARS -zero-part,p_coumaric_acid,15,9.240049440053415,7.76982957649231,7.226049900054932,21.417500591278078,-0.3400648588795563,-0.2504606146293654,0.0,0.5,5.451349096835318,4.405880284470646,0.7333333333333333,0.16666666666666674,31.831071853637695
LOO,CM-BARS -zero-part,acetosyringone,15,2.6751273647836378,2.3606553478240966,2.0736328506469723,5.080420761108398,0.6887230462425882,0.7132662303189907,0.0,0.5,1.5541044281047784,2.934772217799605,0.8,0.09999999999999998,15.135095596313477
LOO,Tobit-MT-Bayes,tannic_acid,15,6.38762584971625,5.401233988444011,4.942218017578128,13.047087860107425,-0.05058824894968894,0.25357142857142856,0.0,,3.785731942159781,3.372455951240751,0.9333333333333333,0.033333333333333326,20.537202835083008
LOO,Tobit-MT-Bayes,p_coumaric_acid,15,9.376595677036862,7.858274005889894,8.000594825744628,21.2968469619751,-0.37996352574338244,-0.13333874447894276,0.0,0.45454545454545453,5.368074418495413,3.3441050016735474,0.9333333333333333,0.033333333333333326,25.244482040405273
LOO,Tobit-MT-Bayes,acetosyringone,15,2.878796015565537,2.5685265237092967,2.374151363372803,5.208474903106689,0.6395211194664432,0.6702552013550315,0.0,0.625,1.5532760425529837,2.4087219841019536,0.9333333333333333,0.033333333333333326,9.260650634765625
LOO,XGBoost,tannic_acid,15,5.841770575791092,4.397899312337241,3.6977264404296903,13.966822814941409,0.12129602075202273,0.4357142857142856,0.0,,3.3927106152822812,3.4992521407329753,0.8,0.09999999999999998,18.00787353515625
LOO,XGBoost,p_coumaric_acid,15,9.169284557678006,7.227316246986389,5.870791091918946,20.285818672180177,-0.3196176941912878,0.29010186298797,0.13333333333333333,0.4090909090909091,4.854412646186377,3.3690244340814886,0.8666666666666667,0.033333333333333326,24.551488876342773
LOO,XGBoost,acetosyringone,15,2.5140122149153816,2.1232545184095697,1.9119662046432495,4.7345454978942865,0.7250885637387828,0.6308284248047356,0.06666666666666667,0.5833333333333334,1.3694476969368075,2.275873453212744,0.9333333333333333,0.033333333333333326,7.870920658111572
LOO,CM-BARS -shrinkage,tannic_acid,15,5.610071330681306,4.854479451497396,4.6760780334472685,10.717837677001953,0.18961691813284887,0.47142857142857136,0.0,,3.8706985999725068,3.536152765605201,1.0,0.09999999999999998,44.50710678100586
LOO,CM-BARS -shrinkage,p_coumaric_acid,15,8.077711661866397,6.627192829767864,5.444339752197266,16.401572189331056,-0.024127250398872757,0.29730936268953445,0.0,0.5,4.535158102806723,3.295413584199243,1.0,0.09999999999999998,44.25937271118164
LOO,CM-BARS -shrinkage,acetosyringone,15,4.6360877340967965,4.136499221165975,4.1152521514892575,7.290140151977539,0.06510824020917794,0.36917799860731676,0.0,0.5,2.3800473280048284,2.9151751079388917,1.0,0.09999999999999998,27.286806106567383
LOO,CM-BARS+ (stacked),tannic_acid,15,5.6760734643978275,4.781508728027346,3.8216090393066438,11.619292449951175,0.17043653876999043,0.5142857142857142,0.0,,3.381153831402669,3.2605948405629315,0.9333333333333333,0.033333333333333326,20.957887649536133
LOO,CM-BARS+ (stacked),p_coumaric_acid,15,8.424370116219563,6.87173997370402,6.106051559448241,19.16211280822754,-0.11391513918751972,0.21442311612154302,0.0,0.45454545454545453,4.678200867888333,3.1957502716124835,0.9333333333333333,0.033333333333333326,25.196592330932617
LOO,CM-BARS+ (stacked),acetosyringone,15,2.047726727824901,1.83889724445343,1.9305319595336918,3.2405970096588135,0.8176095740047863,0.6810079585960213,0.0,0.5,1.1237108736878783,2.1125169552908813,1.0,0.09999999999999998,8.649184226989746
LOO,CM-BARS -all,tannic_acid,15,6.409025305821513,5.765961883544923,6.098578643798831,11.38362823486328,-0.057639280624733,0.4678571428571427,0.0,,3.869752840207236,3.4386649375392957,1.0,0.09999999999999998,32.22071838378906
LOO,CM-BARS -all,p_coumaric_acid,15,9.567287183458987,7.969236566384634,7.912289276123047,20.96878433227539,-0.4366628101656753,0.23784749015162757,0.0,0.5340909090909092,5.230822900485777,3.3935247412774583,0.8666666666666667,0.033333333333333326,28.28388023376465
LOO,CM-BARS -all,acetosyringone,15,3.8843547482991405,3.4401988967259722,2.5923109817504884,6.468120098114014,0.34370996211544746,0.637996929632062,0.0,0.625,2.017199941035957,2.664398685766657,1.0,0.09999999999999998,14.40677261352539
LOO,PFN-RSM (prior-fitted),tannic_acid,15,6.0672114774118855,5.073347534179688,4.558733215332033,11.595683288574222,0.05216691279443264,0.28928571428571426,0.0,,3.6007916520093612,3.3208393838902057,0.9333333333333333,0.033333333333333326,20.72908592224121
LOO,PFN-RSM (prior-fitted),p_coumaric_acid,15,8.714008940753356,7.2635859152475994,6.889192695617675,20.042549705505373,-0.1918270308713066,0.010811249552346709,0.0,0.4090909090909091,4.8194951970894975,3.213761955474726,0.9333333333333333,0.033333333333333326,25.37761688232422
LOO,PFN-RSM (prior-fitted),acetosyringone,15,3.6440199719067214,3.2051160001754755,2.711868743896485,6.821111469268798,0.42241017102615097,0.6702552013550315,0.0,0.625,1.9695683806551103,2.5861241446548613,1.0,0.09999999999999998,12.595264434814453
LOO,OLS-Quad + clip,tannic_acid,15,6.1635895203651145,5.445999572753908,5.090001068115235,11.354998931884765,0.0218149624787074,0.5392857142857141,0.0,,4.075575941996925,4.651444391370017,0.5333333333333333,0.3666666666666667,10.292309761047363
LOO,OLS-Quad + clip,p_coumaric_acid,15,9.276071570947092,7.361333440462747,7.725000343322754,20.665000915527344,-0.3505336525194678,0.3590909090909092,0.0,0.48863636363636365,5.6688092713408,4.671139984924286,0.5333333333333333,0.3666666666666667,14.011124610900879
LOO,OLS-Quad + clip,acetosyringone,15,3.627310820985648,2.8866666938463843,2.76,5.9250003051757805,0.4276949438598606,0.5793742944270291,0.0,0.625,2.247541013106203,3.544249619566622,0.6,0.30000000000000004,5.481167793273926
LOO,CM-BARS mean-pooled,tannic_acid,15,6.2660204474785335,5.6018390909830735,4.530647125244144,10.491616058349607,-0.010967547639060493,0.2785714285714285,0.0,,3.804507954768806,3.4383090316532843,1.0,0.09999999999999998,36.45866012573242
LOO,CM-BARS mean-pooled,p_coumaric_acid,15,8.515463094801177,7.057404582977296,5.8576073074340815,21.920061683654787,-0.13813497873257918,-0.19820624179302299,0.0,0.5,4.822132375012745,3.323207190017933,0.9333333333333333,0.033333333333333326,26.410539627075195
LOO,CM-BARS mean-pooled,acetosyringone,15,4.214504128358192,3.7245910924275716,4.3369722747802735,7.063361988067626,0.22740657648978235,0.6057386579090926,0.0,0.5,2.4109406452362285,2.852102438697304,1.0,0.09999999999999998,17.23040771484375
LOO,CM-BARS +GP,tannic_acid,15,5.663201576077868,4.847613423665365,4.638197784423831,9.680960845947268,0.17419474970503113,0.38928571428571423,0.0,,3.5627411295095923,3.4029774930222305,1.0,0.09999999999999998,36.61888122558594
LOO,CM-BARS +GP,p_coumaric_acid,15,8.216458743068028,6.7055485102335615,6.546683692932129,20.867324447631837,-0.05961131312355872,0.10090499582190261,0.0,0.5,4.601527215921409,3.243555975892687,0.9333333333333333,0.033333333333333326,26.269433975219727
LOO,CM-BARS +GP,acetosyringone,15,4.338277192205824,3.8882181606292723,4.545478000640869,7.066713600158691,0.18136061463808162,0.4336945420532556,0.0,0.5,2.4795844129969944,2.836233711778548,1.0,0.09999999999999998,17.733304977416992
