item,published,reproduced,status,note
number of runs,15,15,PASS,
number of factors,3,3,PASS,
levels per factor (coded),"{-1,0,1}","[-1, 0, 1]",PASS,
edge-midpoint runs (|x|=1 in exactly 2 factors),12,12,PASS,
centre-point replicates,3,3,PASS,
other runs (none allowed in a BBD),0,0,PASS,
balanced 2x2 block for each factor pair,complete,complete,PASS,
coded level -> experimental value (pH),4/6/8,consistent,PASS,
coded level -> experimental value (additive_mM),5/10/15,consistent,PASS,
coded level -> experimental value (cnf_pct),0.1/0.25/0.4,consistent,PASS,
missing values in design + responses,0,0,PASS,
duplicate design rows (3 intended centre replicates),3,3,PASS,the only repeats are the declared centre points
duplicate full rows (design + all 3 responses),0,0,PASS,
"response values outside [0, 100] %",0,0,PASS,
response cells transcribed (15 runs x 3 phenolics),45,45,PASS,
maximum quoted in Section 3.1 (tannic_acid),60.4,60.37,PASS,
maximum quoted in Section 3.1 (p_coumaric_acid),28.1,28.1,PASS,
maximum quoted in Section 3.1 (acetosyringone),12.6,12.61,PASS,
tannic acid adsorbed in all 15 runs (text claim),all 15 > 0,15,PASS,
runs with zero adsorption (p-coumaric),>0 per text,4,PASS,exact zeros = left-censoring
runs with zero adsorption (acetosyringone),>0 per text,3,PASS,
Eq. coefficient const [tannic_acid],71.3,71.3006,PASS,
Eq. coefficient pH [tannic_acid],7.84,7.8415,PASS,
Eq. coefficient conc [tannic_acid],-4.47,-4.474,PASS,
Eq. coefficient cnf [tannic_acid],-99.9,-99.8528,PASS,
Eq. coefficient pH2 [tannic_acid],-0.932,-0.9319,PASS,
Eq. coefficient conc2 [tannic_acid],0.1406,0.1406,PASS,
Eq. coefficient cnf2 [tannic_acid],33.2,33.2222,PASS,
Eq. coefficient pH:conc [tannic_acid],0.032,0.0322,PASS,
Eq. coefficient pH:cnf [tannic_acid],0.32,0.3167,PASS,
Eq. coefficient conc:cnf [tannic_acid],6.67,6.67,PASS,
R-squared [tannic_acid],91.10%,91.10%,PASS,
Eq. coefficient const [p_coumaric_acid],-75.1,-75.1319,PASS,
Eq. coefficient pH [p_coumaric_acid],14.09,14.0871,PASS,
Eq. coefficient conc [p_coumaric_acid],5.68,5.6816,PASS,
Eq. coefficient cnf [p_coumaric_acid],122.3,122.2935,PASS,
Eq. coefficient pH2 [p_coumaric_acid],-0.466,-0.4661,PASS,
Eq. coefficient conc2 [p_coumaric_acid],-0.094,-0.0941,PASS,
Eq. coefficient cnf2 [p_coumaric_acid],-192.0,-191.8704,PASS,
Eq. coefficient pH:conc [p_coumaric_acid],-0.759,-0.7585,PASS,
Eq. coefficient pH:cnf [p_coumaric_acid],2.77,2.7667,PASS,
Eq. coefficient conc:cnf [p_coumaric_acid],-1.82,-1.8167,PASS,
R-squared [p_coumaric_acid],85.23%,85.23%,PASS,
Eq. coefficient const [acetosyringone],-8.6,-8.5713,PASS,
Eq. coefficient pH [acetosyringone],0.18,0.1825,PASS,
Eq. coefficient conc [acetosyringone],-0.8,-0.8032,PASS,
Eq. coefficient cnf [acetosyringone],178.6,178.6083,PASS,
Eq. coefficient pH2 [acetosyringone],-0.056,-0.0559,PASS,
Eq. coefficient conc2 [acetosyringone],0.0178,0.0178,PASS,
Eq. coefficient cnf2 [acetosyringone],-403.8,-403.8333,PASS,
Eq. coefficient pH:conc [acetosyringone],0.024,0.0235,PASS,
Eq. coefficient pH:cnf [acetosyringone],2.3,2.3,PASS,
Eq. coefficient conc:cnf [acetosyringone],0.59,0.59,PASS,
R-squared [acetosyringone],93.93%,93.93%,PASS,
Table 2 optimum [tannic_acid],"pH 4.3, 5 mM, 0.1%","pH 4.3, 5.0 mM, 0.1%",PASS,maximum of the published quadratic over the design box
Table 2 optimum [p_coumaric_acid],"pH 8.0, 5 mM, 0.35%","pH 8.0, 5.0 mM, 0.35%",PASS,maximum of the published quadratic over the design box
Table 2 optimum [acetosyringone],"pH 7.8, 5 mM, 0.25%","pH 7.7, 5.0 mM, 0.25%",PASS,maximum of the published quadratic over the design box
