protocol,response,metric,published,proposed,improvement,rel_change_pct,better,tie
LOCO,acetosyringone,RMSE,5.436725583523755,1.9028837625108177,3.533841821012937,-64.99945172370674,True,False
LOCO,acetosyringone,MAE,4.650833391030629,1.6686308069229123,2.9822025841077164,-64.12189673057408,True,False
LOCO,acetosyringone,MedAE,4.735000267028808,1.9200512170791624,2.8149490499496457,-59.44981818799376,True,False
LOCO,acetosyringone,MaxAbsErr,9.32749994277954,2.9436538219451904,6.383846120834349,-68.44112741888692,True,False
LOCO,acetosyringone,R2,-0.2856799324665391,0.8424992738794068,1.128179206345946,394.91020478944085,True,False
LOCO,acetosyringone,Spearman,0.4136690647482014,0.7670300165239397,0.35336095177573823,85.42116921187412,True,False
LOCO,acetosyringone,CRPS,3.812459206457936,1.0711561254783055,2.7413030809796304,-71.9038009990016,True,False
LOCO,acetosyringone,NLL,4.8991261961706565,2.113220843129889,2.7859053530407674,-56.865351931908535,True,False
LOCO,acetosyringone,Coverage90_err,0.6333333333333333,0.0999999999999999,0.5333333333333334,-84.2105263157895,True,False
LOCO,acetosyringone,ZeroBalAcc,0.625,0.5,-0.125,-20.0,False,False
LOCO,acetosyringone,FracNegative,0.1333333333333333,0.0,0.1333333333333333,-100.0,True,False
LOCO,p_coumaric_acid,RMSE,11.714461715227532,8.673949545441987,3.0405121697855453,-25.95520173012481,True,False
LOCO,p_coumaric_acid,MAE,10.432023999949298,7.168264006296793,3.2637599936525046,-31.285970907164014,True,False
LOCO,p_coumaric_acid,MedAE,9.816785640716551,5.966505641937255,3.850279998779296,-39.221392212229816,True,False
LOCO,p_coumaric_acid,MaxAbsErr,20.665000915527344,19.46966228485108,1.1953386306762646,-5.784362824673802,True,False
LOCO,p_coumaric_acid,R2,-1.1538819828824345,-0.1808942608437189,0.9729877220387155,84.32298419359671,True,False
LOCO,p_coumaric_acid,Spearman,0.2585933170001157,0.0216224991046934,-0.23697081789542226,-91.63841534826527,False,False
LOCO,p_coumaric_acid,CRPS,8.03525282693308,4.88894274719938,3.1463100797337002,-39.156329582906146,True,False
LOCO,p_coumaric_acid,NLL,5.0300363233713,3.2123887593492304,1.81764756402207,-36.13587352394746,True,False
LOCO,p_coumaric_acid,Coverage90_err,0.5,0.0333333333333333,0.4666666666666667,-93.33333333333333,True,False
LOCO,p_coumaric_acid,ZeroBalAcc,0.4886363636363636,0.4545454545454545,-0.034090909090909116,-6.976744186046517,False,False
LOCO,p_coumaric_acid,FracNegative,0.2666666666666666,0.0,0.2666666666666666,-100.0,True,False
LOCO,tannic_acid,RMSE,14.142943002659491,5.628245730103007,8.514697272556484,-60.20456471439748,True,False
LOCO,tannic_acid,MAE,10.48428542073568,4.661552266438804,5.822733154296877,-55.537720699407444,True,False
LOCO,tannic_acid,MedAE,6.264998931884769,3.7013087463378938,2.563690185546875,-40.92083994618674,True,False
LOCO,tannic_acid,MaxAbsErr,31.161429290771487,11.76016540527344,19.401263885498047,-62.26050706616261,True,False
LOCO,tannic_acid,R2,-4.150307762667736,0.1843577755154868,4.334665538183223,104.44202661724984,True,False
LOCO,tannic_acid,Spearman,0.4767055710172149,0.6499999999999999,0.17329442898278502,36.35250761030586,True,False
LOCO,tannic_acid,CRPS,8.875523666695365,3.4713867778372136,5.404136888858151,-60.888090571339546,True,False
LOCO,tannic_acid,NLL,6.843445235048339,3.3199852201300906,3.5234600149182485,-51.48664004605511,True,False
LOCO,tannic_acid,Coverage90_err,0.5,0.0333333333333333,0.4666666666666667,-93.33333333333333,True,False
LOCO,tannic_acid,FracNegative,0.0,0.0,-0.0,,False,True
LOO,acetosyringone,RMSE,4.0601232140000665,2.047726727824901,2.0123964861751653,-49.56491170603012,True,False
LOO,acetosyringone,MAE,3.41333336687088,1.83889724445343,1.5744361224174501,-46.12605782073931,True,False
LOO,acetosyringone,MedAE,4.734999999999999,1.930531959533692,2.8044680404663076,-59.228469703617904,True,False
LOO,acetosyringone,MaxAbsErr,5.9250003051757805,3.240597009658813,2.6844032955169674,-45.306382400892176,True,False
LOO,acetosyringone,R2,0.2829714196169272,0.8176095740047863,0.5346381543878591,188.93715666113067,True,False
LOO,acetosyringone,Spearman,0.5878173958407763,0.6810079585960213,0.09319056275524495,15.853658536585355,True,False
LOO,acetosyringone,CRPS,2.7299536211082627,1.1237108736878785,1.6062427474203842,-58.83773024569947,True,False
LOO,acetosyringone,NLL,3.981787116769429,2.1125169552908813,1.8692701614785476,-46.945507297616544,True,False
LOO,acetosyringone,Coverage90_err,0.4333333333333333,0.0999999999999999,0.33333333333333337,-76.92307692307693,True,False
LOO,acetosyringone,ZeroBalAcc,0.625,0.5,-0.125,-20.0,False,False
LOO,acetosyringone,FracNegative,0.1333333333333333,0.0,0.1333333333333333,-100.0,True,False
LOO,p_coumaric_acid,RMSE,11.005055563717306,8.424370116219563,2.5806854474977428,-23.44999925312539,True,False
LOO,p_coumaric_acid,MAE,9.3066668005983,6.87173997370402,2.43492682689428,-26.16325349412687,True,False
LOO,p_coumaric_acid,MedAE,9.430000001490116,6.106051559448241,3.323948442041875,-35.24865791640116,True,False
LOO,p_coumaric_acid,MaxAbsErr,20.665000915527344,19.16211280822754,1.5028881072998033,-7.27262540874391,True,False
LOO,p_coumaric_acid,R2,-0.900910667799116,-0.1139151391875197,0.7869955286115963,87.35555663184572,True,False
LOO,p_coumaric_acid,Spearman,0.3639787349290058,0.214423116121543,-0.1495556188074628,-41.08910891089109,False,False
LOO,p_coumaric_acid,CRPS,7.331618356330529,4.678200867888333,2.653417488442196,-36.191429497296284,True,False
LOO,p_coumaric_acid,NLL,4.872185061760387,3.1957502716124835,1.6764347901479035,-34.40827408846791,True,False
LOO,p_coumaric_acid,Coverage90_err,0.4333333333333333,0.0333333333333333,0.4,-92.30769230769232,True,False
LOO,p_coumaric_acid,ZeroBalAcc,0.4886363636363636,0.4545454545454545,-0.034090909090909116,-6.976744186046517,False,False
LOO,p_coumaric_acid,FracNegative,0.2666666666666666,0.0,0.2666666666666666,-100.0,True,False
LOO,tannic_acid,RMSE,6.1635895203651145,5.676073464397828,0.4875160559672862,-7.9096126430302425,True,False
LOO,tannic_acid,MAE,5.445999572753908,4.781508728027346,0.6644908447265623,-12.201448712023046,True,False
LOO,tannic_acid,MedAE,5.090001068115235,3.821609039306644,1.268392028808591,-24.919288067620407,True,False
LOO,tannic_acid,MaxAbsErr,11.354998931884763,11.619292449951176,-0.2642935180664132,2.327552117369899,False,False
LOO,tannic_acid,R2,0.0218149624787074,0.1704365387699904,0.148621576291283,681.2827500223565,True,False
LOO,tannic_acid,Spearman,0.5392857142857141,0.5142857142857142,-0.02499999999999991,-4.635761589403958,False,False
LOO,tannic_acid,CRPS,4.075575941996925,3.381153831402669,0.6944221105942558,-17.038625226892652,True,False
LOO,tannic_acid,NLL,4.651444391370017,3.2605948405629315,1.3908495508070855,-29.901454984339402,True,False
LOO,tannic_acid,Coverage90_err,0.3666666666666667,0.0333333333333333,0.33333333333333337,-90.90909090909092,True,False
LOO,tannic_acid,FracNegative,0.0,0.0,-0.0,,False,True
